ASV,seed23_run2,seed105_run3,seed12_run4
ASV0001,7,1,8
ASV0002,7,1,8
ASV0003,9,8,10
ASV0004,7,1,8
ASV0005,3,6,1
ASV0006,7,1,8
ASV0007,7,1,8
ASV0008,7,1,8
ASV0009,7,1,8
ASV0010,3,6,1
ASV0011,1,9,12
ASV0012,7,1,8
ASV0013,9,8,10
ASV0014,9,8,10
ASV0015,7,1,8
ASV0016,9,8,10
ASV0017,7,1,8
ASV0018,3,6,1
ASV0019,3,6,1
ASV0020,3,6,1
ASV0022,6,10,5
ASV0023,7,1,8
ASV0024,7,1,8
ASV0025,3,6,1
ASV0027,3,6,1
ASV0030,3,6,1
ASV0031,3,6,1
ASV0032,7,1,8
ASV0033,6,10,5
ASV0034,9,8,10
ASV0035,3,6,1
ASV0036,6,10,5
ASV0037,4,13,3
ASV0039,10,3,7
ASV0040,7,1,8
ASV0041,3,6,1
ASV0042,10,1,8
ASV0043,3,6,1
ASV0044,3,6,1
ASV0046,3,6,1
ASV0047,10,7,4
ASV0049,3,6,1
ASV0050,9,8,10
ASV0051,3,6,1
ASV0052,3,6,1
ASV0053,1,9,12
ASV0055,7,1,8
ASV0057,5,4,6
ASV0058,2,5,2
ASV0059,2,5,2
ASV0061,1,9,12
ASV0062,6,2,4
ASV0063,1,9,12
ASV0065,2,5,2
ASV0066,1,9,12
ASV0067,3,6,1
ASV0068,3,6,1
ASV0069,3,6,1
ASV0070,9,8,10
ASV0071,2,5,2
ASV0072,3,6,1
ASV0073,3,6,1
ASV0074,1,9,12
ASV0075,1,9,12
ASV0076,3,6,1
ASV0077,9,8,10
ASV0078,2,5,2
ASV0079,3,6,1
ASV0080,3,6,1
ASV0081,4,13,3
ASV0082,6,2,4
ASV0083,10,3,7
ASV0085,1,9,4
ASV0086,7,3,7
ASV0087,12,12,11
ASV0088,10,7,4
ASV0089,10,3,7
ASV0090,10,1,8
ASV0091,7,1,8
ASV0092,4,13,3
ASV0093,3,6,1
ASV0094,1,1,8
ASV0095,3,6,1
ASV0096,3,6,1
ASV0097,11,8,10
ASV0098,3,6,1
ASV0099,2,5,2
ASV0100,3,6,1
ASV0101,2,5,2
ASV0102,3,6,1
ASV0104,9,8,10
ASV0105,12,12,11
ASV0107,3,6,1
ASV0109,3,6,1
ASV0110,3,6,1
ASV0111,10,1,8
ASV0112,3,6,1
ASV0113,3,6,1
ASV0115,8,11,9
ASV0116,3,6,1
ASV0117,1,9,12
ASV0118,3,6,1
ASV0119,3,6,1
ASV0120,9,8,10
ASV0121,1,9,12
ASV0122,7,1,8
ASV0123,5,4,6
ASV0125,3,6,12
ASV0126,3,6,1
ASV0127,3,6,1
ASV0128,3,6,1
ASV0129,1,9,12
ASV0130,3,6,1
ASV0131,3,6,1
ASV0132,1,9,12
ASV0133,3,6,1
ASV0134,11,3,7
ASV0135,9,8,10
ASV0138,3,6,13
ASV0140,3,6,1
ASV0141,3,6,1
ASV0142,5,4,6
ASV0143,2,5,2
ASV0144,8,11,9
ASV0145,3,6,1
ASV0146,1,9,12
ASV0147,3,6,1
ASV0148,1,9,12
ASV0149,3,6,1
ASV0150,1,9,12
ASV0151,9,8,10
ASV0152,3,6,1
ASV0153,6,10,5
ASV0154,3,6,1
ASV0155,10,12,11
ASV0156,2,5,2
ASV0157,1,9,12
ASV0158,7,1,8
ASV0159,8,11,9
ASV0160,9,8,10
ASV0161,3,6,1
ASV0162,8,11,9
ASV0163,5,4,6
ASV0164,1,9,12
ASV0165,3,6,1
ASV0166,2,5,2
ASV0167,3,6,1
ASV0168,1,9,12
ASV0169,3,6,1
ASV0170,1,9,12
ASV0171,7,1,8
ASV0172,1,9,12
ASV0173,3,6,1
ASV0174,3,9,12
ASV0175,9,8,10
ASV0176,3,6,1
ASV0177,3,9,12
ASV0179,3,6,1
ASV0181,3,6,1
ASV0183,3,6,1
ASV0184,9,8,10
ASV0185,9,8,10
ASV0186,1,9,12
ASV0187,1,9,12
ASV0189,3,6,1
ASV0190,3,6,1
ASV0191,3,6,1
ASV0192,9,8,10
ASV0193,2,5,2
ASV0195,9,8,10
ASV0196,1,2,4
ASV0198,2,5,2
ASV0200,1,9,12
ASV0201,7,6,1
ASV0202,5,4,6
ASV0203,8,11,9
ASV0204,3,6,1
ASV0206,5,4,6
ASV0207,3,6,1
ASV0208,2,5,2
ASV0209,9,8,10
ASV0211,3,6,1
ASV0212,3,6,1
ASV0213,8,11,9
ASV0214,5,4,6
ASV0216,5,4,6
ASV0217,5,4,6
ASV0218,3,6,1
ASV0220,3,6,1
ASV0221,3,6,1
ASV0223,9,8,10
ASV0225,3,6,1
ASV0226,3,6,1
ASV0227,11,3,7
ASV0228,3,6,1
ASV0229,9,8,10
ASV0230,3,6,1
ASV0231,11,3,7
ASV0232,3,6,1
ASV0233,5,4,6
ASV0234,3,6,1
ASV0235,8,11,9
ASV0236,2,8,2
ASV0237,3,6,1
ASV0239,5,4,6
ASV0240,3,6,1
ASV0244,3,6,1
ASV0245,3,6,1
ASV0248,3,6,13
ASV0249,3,6,1
ASV0250,2,9,2
ASV0253,1,9,12
ASV0254,8,11,9
ASV0255,9,8,10
ASV0258,3,6,1
ASV0259,9,8,10
ASV0260,3,6,1
ASV0261,3,6,1
ASV0262,3,6,1
ASV0263,11,3,7
ASV0265,2,5,2
ASV0266,3,9,12
ASV0267,9,8,10
ASV0269,3,6,1
ASV0273,3,6,13
ASV0274,9,8,10
ASV0276,3,6,1
ASV0277,11,3,7
ASV0278,3,6,1
ASV0279,3,6,13
ASV0280,3,6,1
ASV0281,8,11,9
ASV0282,3,6,1
ASV0283,1,2,4
ASV0284,9,8,10
ASV0285,3,6,1
ASV0286,2,5,2
ASV0287,3,6,1
ASV0288,3,6,1
ASV0289,1,9,12
ASV0290,3,6,1
ASV0291,3,6,1
ASV0293,3,6,1
ASV0295,1,9,12
ASV0298,9,8,10
ASV0299,5,4,6
ASV0300,1,9,12
ASV0301,9,8,12
ASV0302,3,6,1
ASV0304,12,12,11
ASV0307,3,6,1
ASV0309,1,9,12
ASV0310,3,6,1
ASV0313,1,9,12
ASV0314,11,3,7
ASV0315,3,6,1
ASV0316,8,11,9
ASV0317,11,3,7
ASV0321,3,6,1
ASV0322,2,5,2
ASV0323,1,9,12
ASV0326,7,1,8
ASV0327,3,6,1
ASV0328,3,6,1
ASV0329,3,6,1
ASV0330,3,6,1
ASV0331,2,5,2
ASV0333,3,6,1
ASV0334,5,4,6
ASV0335,10,6,1
ASV0336,2,5,2
ASV0337,9,8,10
ASV0338,5,4,6
ASV0339,3,6,1
ASV0340,3,6,1
ASV0341,7,1,8
ASV0342,3,6,1
ASV0343,11,3,7
ASV0344,3,6,1
ASV0346,9,8,10
ASV0347,3,6,1
ASV0348,9,8,10
ASV0349,3,6,13
ASV0350,12,12,11
ASV0351,3,6,1
ASV0352,3,6,1
ASV0353,1,9,12
ASV0354,3,6,1
ASV0355,9,6,13
ASV0356,2,5,2
ASV0357,9,8,10
ASV0358,3,6,1
ASV0359,3,6,1
ASV0360,11,3,7
ASV0361,3,6,1
ASV0364,10,1,8
ASV0365,3,6,1
ASV0367,12,12,11
ASV0368,3,6,1
ASV0369,3,6,1
ASV0370,3,6,1
ASV0371,8,11,9
ASV0372,3,6,1
ASV0373,8,11,9
ASV0374,2,5,2
ASV0375,8,11,9
ASV0376,4,13,3
ASV0377,11,3,7
ASV0378,9,8,10
ASV0379,3,6,1
ASV0380,3,6,1
ASV0382,9,8,10
ASV0383,3,6,1
ASV0384,1,9,12
ASV0385,1,9,12
ASV0386,3,6,1
ASV0387,2,5,2
ASV0388,3,6,1
ASV0389,8,11,9
ASV0390,11,3,7
ASV0392,3,6,1
ASV0395,3,6,1
ASV0396,9,8,10
ASV0397,5,4,6
ASV0398,3,6,1
ASV0400,1,9,12
ASV0402,7,6,1
ASV0403,3,6,1
ASV0404,3,6,1
ASV0405,7,1,8
ASV0406,2,5,2
ASV0407,5,4,6
ASV0410,3,6,1
ASV0411,1,9,12
ASV0412,9,8,10
ASV0413,3,6,1
ASV0415,5,4,6
ASV0416,9,8,10
ASV0417,5,4,6
ASV0418,3,6,13
ASV0419,8,11,9
ASV0421,9,8,10
ASV0422,8,11,9
ASV0423,1,9,12
ASV0424,3,6,1
ASV0425,9,8,10
ASV0426,3,6,1
ASV0427,7,1,8
ASV0429,9,8,10
ASV0431,3,6,1
ASV0432,3,6,1
ASV0433,12,12,11
ASV0435,7,6,1
ASV0436,3,6,1
ASV0437,1,9,12
ASV0439,8,11,9
ASV0440,2,9,2
ASV0442,8,11,9
ASV0444,1,9,12
ASV0445,3,6,1
ASV0446,2,9,2
ASV0447,5,4,6
ASV0448,5,4,6
ASV0449,3,6,1
ASV0450,9,8,10
ASV0451,9,8,10
ASV0452,7,6,1
ASV0453,7,1,8
ASV0454,2,5,2
ASV0455,9,8,10
ASV0457,5,4,6
ASV0458,9,8,10
ASV0460,11,3,7
ASV0461,3,6,1
ASV0462,3,6,1
ASV0463,3,6,1
ASV0464,3,6,13
ASV0465,5,4,6
ASV0466,11,3,7
ASV0467,3,6,1
ASV0468,1,9,12
ASV0469,5,4,6
ASV0470,3,6,1
ASV0471,3,6,1
ASV0472,3,6,1
ASV0473,9,8,10
ASV0474,3,6,13
ASV0475,7,1,8
ASV0477,7,1,8
ASV0478,3,6,1
ASV0479,8,11,9
ASV0480,3,6,1
ASV0481,11,3,7
ASV0482,8,11,9
ASV0483,8,11,9
ASV0484,3,6,1
ASV0485,9,8,10
ASV0488,3,6,1
ASV0489,3,6,1
ASV0490,8,11,9
ASV0491,3,6,1
ASV0493,2,5,2
ASV0495,3,6,1
ASV0496,11,3,7
ASV0498,9,8,10
ASV0499,1,9,12
ASV0501,1,9,12
ASV0502,3,6,1
ASV0503,5,4,6
ASV0504,2,5,2
ASV0505,3,6,1
ASV0506,2,5,2
ASV0508,7,1,8
ASV0510,9,8,10
ASV0511,9,8,10
ASV0512,3,6,13
ASV0513,3,6,1
ASV0515,3,6,13
ASV0516,1,9,12
ASV0517,3,6,1
ASV0519,3,6,13
ASV0521,1,9,12
ASV0522,3,6,1
ASV0523,11,3,7
ASV0524,11,3,7
ASV0525,3,6,1
ASV0526,8,11,9
ASV0527,5,4,6
ASV0528,11,3,7
ASV0531,1,9,12
ASV0533,1,9,12
ASV0534,3,6,1
ASV0535,1,9,12
ASV0536,3,6,1
ASV0537,1,9,12
ASV0538,3,6,1
ASV0539,12,12,11
ASV0541,1,9,12
ASV0542,3,6,1
ASV0544,11,3,7
ASV0545,3,6,1
ASV0546,2,5,2
ASV0547,3,6,1
ASV0548,1,9,12
ASV0549,1,9,12
ASV0550,3,6,1
ASV0552,1,9,12
ASV0553,8,11,9
ASV0556,2,5,2
ASV0557,3,6,1
ASV0558,3,6,1
ASV0559,9,8,10
ASV0560,5,4,6
ASV0561,3,6,1
ASV0562,7,1,8
ASV0564,1,9,12
ASV0565,1,9,12
ASV0567,9,8,10
ASV0568,9,8,10
ASV0570,1,9,12
ASV0571,9,8,10
ASV0573,5,4,6
ASV0575,3,6,1
ASV0576,5,4,6
ASV0577,3,6,1
ASV0579,3,6,1
ASV0581,7,1,8
ASV0582,3,6,13
ASV0583,3,6,1
ASV0585,2,5,2
ASV0586,7,1,8
ASV0589,3,6,1
ASV0590,3,6,1
ASV0591,3,6,1
ASV0592,3,6,1
ASV0593,8,11,9
ASV0596,1,9,12
ASV0597,3,6,1
ASV0598,9,8,10
ASV0599,5,4,6
ASV0600,9,8,10
ASV0601,3,6,1
ASV0602,9,8,10
ASV0603,9,8,10
ASV0604,5,4,6
ASV0607,9,8,10
ASV0608,1,9,12
ASV0609,5,4,6
ASV0610,3,6,1
ASV0611,1,9,12
ASV0612,3,6,1
ASV0613,3,6,1
ASV0614,8,11,9
ASV0615,1,9,12
ASV0617,3,6,1
ASV0618,3,6,1
ASV0619,3,6,1
ASV0620,3,6,1
ASV0621,8,11,9
ASV0622,11,3,7
ASV0624,3,6,1
ASV0625,9,8,10
ASV0626,5,4,6
ASV0627,3,6,1
ASV0628,9,8,10
ASV0629,5,4,6
ASV0631,3,6,1
ASV0632,11,3,7
ASV0633,7,1,8
ASV0634,3,6,1
ASV0635,3,6,1
ASV0637,3,6,1
ASV0640,3,6,1
ASV0642,3,6,1
ASV0643,3,6,1
ASV0644,3,6,1
ASV0646,3,6,1
ASV0647,5,4,6
ASV0648,11,3,7
ASV0649,3,6,1
ASV0651,3,6,1
ASV0654,9,8,10
ASV0656,1,9,12
ASV0658,2,5,2
ASV0660,9,9,10
ASV0661,3,6,1
ASV0662,1,9,12
ASV0663,3,6,1
ASV0664,12,12,11
ASV0665,3,6,1
ASV0666,3,6,1
ASV0669,5,4,6
ASV0670,7,1,8
ASV0672,3,6,1
ASV0673,9,8,10
ASV0674,11,3,7
ASV0675,1,9,12
ASV0676,3,6,1
ASV0677,5,4,6
ASV0678,3,6,1
ASV0679,3,6,1
ASV0680,12,12,11
ASV0682,1,9,12
ASV0683,8,11,9
ASV0684,3,6,1
ASV0686,8,11,9
ASV0687,1,9,12
ASV0688,9,8,13
ASV0689,1,9,12
ASV0690,9,8,10
ASV0691,5,4,6
ASV0692,3,6,1
ASV0693,3,6,1
ASV0694,3,6,1
ASV0695,3,6,13
ASV0697,1,9,12
ASV0699,12,12,11
ASV0700,3,6,1
ASV0701,7,1,8
ASV0702,3,6,1
ASV0703,11,3,7
ASV0705,9,8,10
ASV0706,3,6,1
ASV0708,3,6,1
ASV0709,3,6,1
ASV0710,3,6,1
ASV0711,9,8,10
ASV0712,9,8,10
ASV0713,1,9,12
ASV0714,3,6,1
ASV0715,3,6,1
ASV0716,2,5,2
ASV0717,3,9,12
ASV0718,11,3,7
ASV0720,3,6,1
ASV0721,1,9,2
ASV0722,3,6,1
ASV0723,3,6,13
ASV0727,3,6,1
ASV0728,5,9,12
ASV0729,1,9,12
ASV0731,3,6,1
ASV0732,3,6,1
ASV0733,3,6,1
ASV0734,3,6,1
ASV0735,3,6,1
ASV0736,3,6,1
ASV0737,3,6,1
ASV0738,9,8,10
ASV0739,1,9,12
ASV0740,3,6,1
ASV0741,9,8,10
ASV0742,5,4,6
ASV0744,3,6,1
ASV0747,2,5,2
ASV0748,3,6,1
ASV0751,2,5,2
ASV0752,3,6,1
ASV0753,3,6,1
ASV0754,3,6,1
ASV0755,12,12,11
ASV0757,3,6,1
ASV0758,5,4,6
ASV0759,12,12,11
ASV0761,9,8,10
ASV0762,3,6,13
ASV0763,3,6,1
ASV0764,1,9,12
ASV0766,9,8,10
ASV0767,11,3,7
ASV0768,3,6,1
ASV0769,3,6,1
ASV0770,1,9,12
ASV0771,3,6,1
ASV0772,3,6,1
ASV0773,3,6,1
ASV0774,3,6,1
ASV0775,3,6,13
ASV0776,12,12,11
ASV0777,1,9,12
ASV0778,3,6,1
ASV0781,3,6,1
ASV0782,12,12,11
ASV0785,1,9,12
ASV0786,3,6,1
ASV0787,3,6,1
ASV0788,3,6,1
ASV0790,3,6,1
ASV0792,9,8,10
ASV0793,5,4,6
ASV0794,1,9,12
ASV0795,3,6,1
ASV0796,3,6,1
ASV0797,3,6,1
ASV0798,9,9,12
ASV0799,8,11,9
ASV0800,1,9,12
ASV0801,3,6,1
ASV0802,3,6,1
ASV0804,8,11,9
ASV0805,3,6,1
ASV0807,9,8,10
ASV0809,9,8,10
ASV0810,3,6,1
ASV0811,3,6,1
ASV0814,3,6,1
ASV0815,12,12,11
ASV0816,3,6,1
ASV0818,11,3,7
ASV0819,1,9,12
ASV0821,3,6,1
ASV0822,1,9,12
ASV0823,3,6,1
ASV0825,3,6,13
ASV0826,3,6,1
ASV0827,3,6,1
ASV0828,8,11,9
ASV0829,1,9,12
ASV0830,3,6,1
ASV0832,3,6,1
ASV0833,5,4,6
ASV0834,3,6,1
ASV0838,9,6,1
ASV0839,9,8,10
ASV0840,3,6,1
ASV0841,3,6,1
ASV0842,3,6,1
ASV0843,12,12,11
ASV0844,3,6,1
ASV0845,3,6,1
ASV0847,3,6,1
ASV0848,7,1,8
ASV0849,3,6,1
ASV0851,3,6,1
ASV0852,3,6,1
ASV0853,1,9,12
ASV0854,3,6,1
ASV0855,2,5,2
ASV0856,3,6,1
ASV0857,3,6,1
ASV0858,3,6,13
ASV0859,3,6,1
ASV0860,3,6,1
ASV0861,3,6,1
ASV0862,9,8,10
ASV0863,1,9,12
ASV0865,12,12,11
ASV0867,3,6,1
ASV0868,8,11,9
ASV0869,7,1,8
ASV0872,3,6,1
ASV0873,3,6,1
ASV0874,8,11,9
ASV0877,5,4,6
ASV0878,1,9,12
ASV0881,3,6,1
ASV0882,3,6,1
ASV0883,3,6,1
ASV0884,3,6,1
ASV0885,3,6,1
ASV0886,3,9,12
ASV0888,3,6,13
ASV0889,3,6,1
ASV0890,1,9,12
ASV0891,3,6,1
ASV0893,3,6,1
ASV0894,3,6,1
ASV0896,9,8,10
ASV0897,3,6,1
ASV0898,9,8,10
ASV0899,5,4,6
ASV0901,1,9,12
ASV0902,5,4,6
ASV0904,1,9,12
ASV0905,3,6,1
ASV0906,3,9,12
ASV0909,9,8,10
ASV0910,9,8,10
ASV0911,9,8,10
ASV0912,3,6,1
ASV0913,3,6,1
ASV0914,3,6,1
ASV0915,3,6,1
ASV0916,3,6,1
ASV0917,3,6,1
ASV0918,8,11,9
ASV0919,12,12,11
ASV0920,3,6,1
ASV0921,1,9,12
ASV0922,12,12,11
ASV0924,2,5,2
ASV0925,3,6,1
ASV0927,5,4,6
ASV0928,3,6,1
ASV0929,9,8,10
ASV0931,3,6,1
ASV0932,8,11,9
ASV0935,5,4,6
ASV0936,9,8,10
ASV0937,3,6,1
ASV0938,3,6,1
ASV0941,12,12,11
ASV0942,3,6,1
ASV0944,1,9,12
ASV0945,3,6,1
ASV0946,5,4,6
ASV0947,3,6,1
ASV0949,3,6,1
ASV0951,3,6,13
ASV0952,3,6,1
ASV0953,5,4,6
ASV0954,12,12,11
ASV0955,3,6,1
ASV0957,9,8,10
ASV0958,1,9,12
ASV0961,12,6,11
ASV0962,3,6,1
ASV0963,9,8,10
ASV0964,9,8,10
ASV0965,3,6,13
ASV0966,9,8,10
ASV0968,3,6,1
ASV0969,1,9,12
ASV0970,12,12,11
ASV0971,3,6,1
ASV0972,9,6,1
ASV0973,12,12,11
ASV0974,12,12,11
ASV0975,7,1,8
ASV0976,3,6,1
ASV0977,5,4,6
ASV0978,11,3,7
ASV0979,3,6,1
ASV0980,3,6,1
ASV0981,7,1,8
ASV0982,12,12,11
ASV0983,3,6,1
ASV0985,8,11,9
ASV0986,12,12,11
ASV0987,1,9,12
ASV0990,3,6,1
ASV0993,3,6,1
ASV0994,3,6,1
ASV0995,7,1,8
ASV0997,3,6,1
ASV0998,3,6,1
ASV0999,12,12,11
ASV1000,3,6,1
ASV10000,3,6,1
ASV10001,3,6,1
ASV10006,3,6,1
ASV1001,9,8,10
ASV10011,3,6,1
ASV10018,3,6,1
ASV10021,3,6,1
ASV1003,3,6,1
ASV1004,3,6,1
ASV10040,3,6,1
ASV10041,3,6,1
ASV10059,3,6,1
ASV1007,12,12,11
ASV10070,3,6,1
ASV10071,3,6,1
ASV1008,3,6,1
ASV10080,3,6,1
ASV10083,3,6,1
ASV10089,3,6,1
ASV10092,3,6,1
ASV10101,3,6,1
ASV10102,3,6,1
ASV10103,3,6,1
ASV1011,3,6,1
ASV10112,3,6,1
ASV10113,3,6,1
ASV10116,3,6,1
ASV10119,3,6,1
ASV1012,1,9,12
ASV10120,3,6,1
ASV10121,3,6,1
ASV10122,3,6,1
ASV1013,1,9,12
ASV10134,3,6,1
ASV10136,3,6,1
ASV1014,3,6,1
ASV10145,3,6,1
ASV10152,3,6,1
ASV1016,3,6,1
ASV1017,3,6,1
ASV10172,3,6,1
ASV10173,3,6,1
ASV10174,3,6,1
ASV10175,3,6,1
ASV1018,3,6,1
ASV10185,3,6,1
ASV10187,3,6,1
ASV1019,3,6,1
ASV10199,3,6,1
ASV1020,11,3,7
ASV10201,3,6,1
ASV10207,3,6,1
ASV10208,3,6,1
ASV1021,3,6,13
ASV10212,3,6,1
ASV10213,3,6,1
ASV10218,3,6,1
ASV1022,3,6,1
ASV10220,3,6,1
ASV10225,3,6,1
ASV10227,3,6,1
ASV1023,3,6,1
ASV1024,3,6,1
ASV10244,3,6,1
ASV10245,3,6,1
ASV10246,3,6,1
ASV1025,3,6,1
ASV10251,3,6,1
ASV1026,5,4,6
ASV10261,3,6,1
ASV10263,3,6,1
ASV10269,3,6,1
ASV1027,3,6,1
ASV10272,3,6,1
ASV10279,3,6,1
ASV1028,3,6,1
ASV10293,3,6,1
ASV10294,3,6,1
ASV1030,1,9,12
ASV10302,3,6,1
ASV1031,3,6,1
ASV10312,3,6,1
ASV10313,3,6,1
ASV10314,3,6,1
ASV1032,3,6,1
ASV10323,3,6,1
ASV10327,3,6,1
ASV1033,3,6,1
ASV10332,3,6,1
ASV10333,3,6,1
ASV10335,3,6,1
ASV10339,3,6,1
ASV1034,3,6,1
ASV10340,3,6,1
ASV10343,3,6,1
ASV10347,3,6,1
ASV1035,9,8,10
ASV10352,3,6,1
ASV10353,3,6,1
ASV10354,3,6,1
ASV1037,3,6,1
ASV10378,3,6,1
ASV1038,3,6,1
ASV10380,3,6,1
ASV10383,3,6,1
ASV10389,3,6,1
ASV1040,3,6,1
ASV10401,3,6,1
ASV10405,3,6,1
ASV1041,9,8,10
ASV10411,3,6,1
ASV10414,3,6,1
ASV1042,5,4,6
ASV10423,3,6,1
ASV10428,3,6,1
ASV10438,3,6,1
ASV1044,9,9,12
ASV10440,3,6,1
ASV10442,3,6,1
ASV10443,3,6,1
ASV10447,3,6,1
ASV1045,3,6,13
ASV10452,3,6,1
ASV10453,3,6,1
ASV10458,3,6,1
ASV10461,3,6,1
ASV10464,3,6,1
ASV10465,3,6,1
ASV10470,3,6,1
ASV10472,3,6,1
ASV10487,3,6,1
ASV10489,3,6,1
ASV10490,3,6,1
ASV10492,3,6,1
ASV10503,3,6,1
ASV1051,3,6,1
ASV10512,3,6,1
ASV10514,3,6,1
ASV1052,1,9,12
ASV10525,3,6,1
ASV10528,3,6,1
ASV1053,3,1,8
ASV1054,9,8,10
ASV10545,3,6,1
ASV1055,3,6,1
ASV10554,3,6,1
ASV10555,3,6,1
ASV1056,3,6,1
ASV10567,3,6,1
ASV10569,3,6,1
ASV10577,3,6,1
ASV1058,3,6,1
ASV10584,3,6,1
ASV1059,8,11,9
ASV10590,3,6,1
ASV10595,3,6,1
ASV1060,3,6,1
ASV10607,3,6,1
ASV10608,3,6,1
ASV10609,3,6,1
ASV1061,1,9,12
ASV10617,3,6,1
ASV1062,3,6,1
ASV10622,3,6,1
ASV10626,3,6,1
ASV1063,3,6,1
ASV10631,3,6,1
ASV10634,3,6,1
ASV10635,3,6,1
ASV1064,5,4,6
ASV10643,3,6,1
ASV10645,3,6,1
ASV10647,3,6,1
ASV1065,12,6,11
ASV10658,3,6,1
ASV1066,3,6,1
ASV10660,3,6,1
ASV10664,3,6,1
ASV1067,3,6,1
ASV10670,3,6,1
ASV10678,3,6,1
ASV10682,3,6,1
ASV10683,3,6,1
ASV1069,3,6,1
ASV10696,3,6,1
ASV10697,3,6,1
ASV1070,3,6,1
ASV10708,3,6,1
ASV1071,3,6,13
ASV10711,3,6,1
ASV1072,1,9,12
ASV10729,3,6,1
ASV1073,3,6,1
ASV10731,3,6,1
ASV10734,3,6,1
ASV10747,3,6,1
ASV10748,3,6,1
ASV1075,1,9,12
ASV10751,3,6,1
ASV10752,3,6,1
ASV1076,3,6,1
ASV10762,3,6,1
ASV10768,3,6,1
ASV1077,3,6,1
ASV10777,3,6,1
ASV10779,3,6,1
ASV10780,3,6,1
ASV10782,3,6,1
ASV10783,3,6,1
ASV10784,3,6,1
ASV10785,3,6,1
ASV10787,3,6,1
ASV1079,3,6,1
ASV10790,3,6,1
ASV1080,3,6,1
ASV10800,3,6,1
ASV10801,3,6,1
ASV10802,3,6,1
ASV1081,2,5,2
ASV10810,3,6,1
ASV10815,3,6,1
ASV10819,3,6,1
ASV1082,3,6,1
ASV10821,3,6,1
ASV10822,3,6,1
ASV10823,3,6,1
ASV10827,3,6,1
ASV1083,3,6,1
ASV10832,3,6,1
ASV10837,3,6,1
ASV10838,3,6,1
ASV1085,3,6,1
ASV1086,3,6,1
ASV10861,3,6,1
ASV10867,3,6,1
ASV1087,3,6,7
ASV10879,3,6,1
ASV1088,5,4,6
ASV10881,3,6,1
ASV1089,3,6,1
ASV10892,3,6,1
ASV10899,3,6,1
ASV1090,9,8,10
ASV1091,3,6,1
ASV10910,3,6,1
ASV10911,3,6,1
ASV10913,3,6,1
ASV10915,3,6,1
ASV10918,3,6,1
ASV1092,3,6,1
ASV10929,3,6,1
ASV1093,3,6,1
ASV10930,3,6,1
ASV10931,3,6,1
ASV1094,3,6,13
ASV1095,3,6,1
ASV10957,3,6,1
ASV10969,3,6,1
ASV1097,3,6,1
ASV10970,3,6,1
ASV10973,3,6,1
ASV10974,3,6,1
ASV10976,3,6,1
ASV1098,3,6,1
ASV10982,3,6,1
ASV10986,3,6,1
ASV10987,3,6,1
ASV10990,3,6,1
ASV10991,3,6,1
ASV10992,3,6,1
ASV11000,3,6,1
ASV11003,3,6,1
ASV1101,9,8,10
ASV11015,3,6,1
ASV11022,3,6,1
ASV11023,3,6,1
ASV11028,3,6,1
ASV1103,3,6,1
ASV11030,3,6,1
ASV11031,3,6,1
ASV11032,3,6,1
ASV11049,3,6,1
ASV1105,3,6,1
ASV1106,3,6,1
ASV11060,3,6,1
ASV11061,3,6,1
ASV11062,3,6,1
ASV11063,3,6,1
ASV11066,3,6,1
ASV1107,1,9,12
ASV11071,3,6,1
ASV11073,3,6,1
ASV11074,3,6,1
ASV1108,3,6,1
ASV11090,3,6,1
ASV11093,3,6,1
ASV1110,11,3,7
ASV11104,3,6,1
ASV11113,3,6,1
ASV1112,3,6,1
ASV11121,3,6,1
ASV11129,3,6,1
ASV1113,3,6,1
ASV11133,3,6,1
ASV11136,3,6,1
ASV11138,3,6,1
ASV11139,3,6,1
ASV11144,3,6,1
ASV1115,7,1,8
ASV1116,8,11,9
ASV11165,3,6,1
ASV11167,3,6,1
ASV11168,3,6,1
ASV11169,3,6,1
ASV1117,3,6,1
ASV11179,3,6,1
ASV1118,3,6,1
ASV11181,3,6,1
ASV11196,3,6,1
ASV11199,3,6,1
ASV1120,3,6,1
ASV11200,3,6,1
ASV11201,3,6,1
ASV11203,3,6,1
ASV11204,3,6,1
ASV11207,3,6,1
ASV1121,3,6,1
ASV11210,3,6,1
ASV11213,3,6,1
ASV11218,3,6,1
ASV1122,9,6,1
ASV11221,3,6,1
ASV11222,3,6,1
ASV11229,3,6,1
ASV1123,5,4,6
ASV11239,3,6,1
ASV11243,3,6,1
ASV1125,11,3,7
ASV11259,3,6,1
ASV1126,3,6,1
ASV11269,3,6,1
ASV1127,3,6,1
ASV11273,3,6,1
ASV11287,3,6,1
ASV1129,1,9,12
ASV11300,3,6,1
ASV11306,3,6,1
ASV11308,3,6,1
ASV1131,3,6,1
ASV11310,3,6,1
ASV11319,3,6,1
ASV1132,3,6,1
ASV11323,3,6,1
ASV11327,3,6,1
ASV11329,3,6,1
ASV11330,3,6,1
ASV11340,3,6,1
ASV11341,3,6,1
ASV11343,3,6,1
ASV11345,3,6,1
ASV11350,3,6,1
ASV11358,3,6,1
ASV11359,3,6,1
ASV1136,1,9,12
ASV11360,3,6,1
ASV1137,3,6,1
ASV11370,3,6,1
ASV11376,3,6,1
ASV1138,8,11,9
ASV11387,3,6,1
ASV1139,9,8,10
ASV11390,3,6,1
ASV11397,3,6,1
ASV1140,3,6,1
ASV11400,3,6,1
ASV11401,3,6,1
ASV11405,3,6,1
ASV1142,3,6,13
ASV11428,3,6,1
ASV11430,3,6,1
ASV11436,3,6,1
ASV1144,12,12,11
ASV11441,3,6,1
ASV1145,5,4,6
ASV11452,3,6,1
ASV1146,3,6,1
ASV11468,3,6,1
ASV11475,3,6,1
ASV11481,3,6,1
ASV11487,3,6,1
ASV1149,9,3,7
ASV11491,3,6,1
ASV11498,3,6,1
ASV11499,3,6,1
ASV1150,1,9,12
ASV11503,3,6,1
ASV11505,3,6,1
ASV11507,3,6,1
ASV1151,3,6,1
ASV11512,3,6,1
ASV11514,3,6,1
ASV11516,3,6,1
ASV11519,3,6,1
ASV11524,3,6,1
ASV11525,3,6,1
ASV11526,3,6,1
ASV11536,3,6,1
ASV1155,9,8,10
ASV11553,3,6,1
ASV11554,3,6,1
ASV11559,3,6,1
ASV1156,3,6,1
ASV11562,3,6,1
ASV11565,3,6,1
ASV11578,3,6,1
ASV1158,3,6,1
ASV11584,3,6,1
ASV1159,3,6,1
ASV1160,3,6,1
ASV11604,3,6,1
ASV11610,3,6,1
ASV11623,3,6,1
ASV1163,3,6,1
ASV1164,3,6,1
ASV1165,7,1,8
ASV11650,3,6,1
ASV11653,3,6,1
ASV1166,3,6,1
ASV11660,3,6,1
ASV11663,3,6,1
ASV11672,3,6,1
ASV11677,3,6,1
ASV1169,3,6,1
ASV11696,3,6,1
ASV1171,3,6,1
ASV11716,3,6,1
ASV1172,3,6,1
ASV11724,3,6,1
ASV11739,3,6,1
ASV1174,3,6,1
ASV1175,3,6,1
ASV11753,3,6,1
ASV11770,3,6,1
ASV11779,3,6,1
ASV1178,1,9,12
ASV11788,3,6,1
ASV1179,3,6,1
ASV11798,3,6,1
ASV11800,3,6,1
ASV11808,3,6,1
ASV1181,3,6,1
ASV11812,3,6,1
ASV1182,3,6,1
ASV11827,3,6,1
ASV1183,9,8,10
ASV1184,3,6,1
ASV11840,3,6,1
ASV1185,3,6,1
ASV11857,3,6,1
ASV1186,5,4,6
ASV11865,3,6,1
ASV11867,3,6,1
ASV1187,3,6,1
ASV11875,3,6,1
ASV1188,3,6,1
ASV11881,3,6,1
ASV11883,3,6,1
ASV11884,3,6,1
ASV1189,3,6,1
ASV11891,3,6,1
ASV1190,8,11,9
ASV11902,3,6,1
ASV11911,3,6,1
ASV1193,9,8,10
ASV11931,3,6,1
ASV11932,3,6,1
ASV11939,3,6,1
ASV1194,3,6,1
ASV11946,3,6,1
ASV11948,3,6,1
ASV11949,3,6,1
ASV1195,3,6,1
ASV11952,3,6,1
ASV11956,3,6,1
ASV1196,3,6,1
ASV11965,3,6,1
ASV11966,3,6,1
ASV1197,3,6,1
ASV11970,3,6,1
ASV11973,3,6,1
ASV1198,3,6,1
ASV11985,3,6,1
ASV1199,3,6,1
ASV11998,3,6,1
ASV1200,3,6,1
ASV12000,3,6,1
ASV1201,1,9,12
ASV1202,3,6,1
ASV12022,3,6,1
ASV1203,3,6,1
ASV1204,3,6,1
ASV12041,3,6,1
ASV12045,3,6,1
ASV1205,3,6,1
ASV12050,3,6,1
ASV12057,3,6,1
ASV1206,3,6,1
ASV12064,3,6,1
ASV12076,3,6,1
ASV12078,3,6,1
ASV1208,3,6,1
ASV12080,3,6,1
ASV12091,3,6,1
ASV12096,3,6,1
ASV12098,3,6,1
ASV1210,3,6,1
ASV12107,3,6,1
ASV1211,9,8,10
ASV12119,3,6,1
ASV1212,3,6,1
ASV1213,3,6,1
ASV12135,3,6,1
ASV12136,3,6,1
ASV12138,3,6,1
ASV12139,3,6,1
ASV12144,3,6,1
ASV12147,3,6,1
ASV12157,3,6,1
ASV12166,3,6,1
ASV1217,3,6,1
ASV12171,3,6,1
ASV12178,3,6,1
ASV1218,3,6,1
ASV12186,3,6,1
ASV12193,3,6,1
ASV12200,3,6,1
ASV1221,3,6,1
ASV12213,3,6,1
ASV1222,3,6,1
ASV12230,3,6,1
ASV1224,3,6,13
ASV12244,3,6,1
ASV12254,3,6,1
ASV12257,3,6,1
ASV1226,3,6,1
ASV12260,3,6,1
ASV12263,3,6,1
ASV12268,3,6,1
ASV1227,3,6,1
ASV12278,3,6,1
ASV12279,3,6,1
ASV12280,3,6,1
ASV12281,3,6,1
ASV12285,3,6,1
ASV1229,3,6,1
ASV12293,3,6,1
ASV1230,3,6,1
ASV12300,3,6,1
ASV12302,3,6,1
ASV12303,3,6,1
ASV1231,12,12,11
ASV12314,3,6,1
ASV12316,3,6,1
ASV1232,1,9,12
ASV12326,3,6,1
ASV1233,1,9,12
ASV1234,3,6,1
ASV1235,3,6,1
ASV12359,3,6,1
ASV1236,3,6,1
ASV12376,3,6,1
ASV1238,1,9,12
ASV1239,8,11,9
ASV12393,3,6,1
ASV12401,3,6,1
ASV1241,3,6,1
ASV12414,3,6,1
ASV1243,3,6,1
ASV12440,3,6,1
ASV12441,3,6,1
ASV1245,5,4,6
ASV12451,3,6,1
ASV12458,3,6,1
ASV12469,3,6,1
ASV12475,3,6,1
ASV12478,3,6,1
ASV1248,3,6,1
ASV12488,3,6,1
ASV1249,3,6,1
ASV12493,3,6,1
ASV12506,3,6,1
ASV12513,3,6,1
ASV12515,3,6,1
ASV12526,3,6,1
ASV1254,3,6,1
ASV12542,3,6,1
ASV1255,3,6,1
ASV12550,3,6,1
ASV1256,3,6,1
ASV12586,3,6,1
ASV1259,3,6,1
ASV12592,3,6,1
ASV12596,3,6,1
ASV1260,3,6,1
ASV12605,3,6,1
ASV12608,3,6,1
ASV1262,3,6,1
ASV12628,3,6,1
ASV1263,3,6,1
ASV12631,3,6,1
ASV12633,3,6,1
ASV1264,11,3,7
ASV12648,3,6,1
ASV1265,3,6,1
ASV1266,3,6,1
ASV12660,3,6,1
ASV1267,1,9,12
ASV12683,3,6,1
ASV1270,12,12,11
ASV12708,3,6,1
ASV1271,3,6,1
ASV12710,3,6,1
ASV1272,3,6,1
ASV12723,3,6,1
ASV1273,1,9,12
ASV12731,3,6,1
ASV1274,3,6,1
ASV1275,3,6,1
ASV1276,3,6,1
ASV12764,3,6,1
ASV12765,3,6,1
ASV12767,3,6,1
ASV12768,3,6,1
ASV1277,3,6,1
ASV12774,3,6,1
ASV12778,3,6,1
ASV1278,3,6,13
ASV12790,3,6,1
ASV12791,3,6,1
ASV12796,3,6,1
ASV12798,3,6,1
ASV1280,3,6,1
ASV12801,3,6,1
ASV12802,3,6,1
ASV1281,3,6,1
ASV12814,3,6,1
ASV1282,1,9,12
ASV12829,3,6,1
ASV1284,3,6,1
ASV12840,3,6,1
ASV12845,3,6,1
ASV12850,3,6,1
ASV12854,3,6,1
ASV12857,3,6,1
ASV1286,3,6,1
ASV12860,3,6,1
ASV12863,3,6,1
ASV1288,3,6,1
ASV12883,3,6,1
ASV12884,3,6,1
ASV1289,3,6,1
ASV12896,3,6,1
ASV1290,3,6,13
ASV12900,3,6,1
ASV12906,3,6,1
ASV1291,3,6,1
ASV12912,3,6,1
ASV12917,3,6,1
ASV1292,3,6,1
ASV1293,3,6,1
ASV1294,9,8,10
ASV12946,3,6,1
ASV1295,3,6,1
ASV12952,3,6,1
ASV12962,3,6,1
ASV12966,3,6,1
ASV1297,3,6,1
ASV12971,3,6,1
ASV12975,3,6,1
ASV12976,3,6,1
ASV1298,9,8,10
ASV12990,3,6,1
ASV1300,3,6,1
ASV13008,3,6,1
ASV13012,3,6,1
ASV1302,3,6,1
ASV13021,3,6,1
ASV13027,3,6,1
ASV13035,3,6,1
ASV1304,1,9,12
ASV13040,3,6,1
ASV1305,3,6,1
ASV13055,3,6,1
ASV13059,3,6,1
ASV1307,3,6,1
ASV13089,3,6,1
ASV1309,3,6,1
ASV13097,3,6,1
ASV1310,9,8,10
ASV13104,3,6,1
ASV1311,3,6,1
ASV13110,3,6,1
ASV13113,3,6,1
ASV1312,12,12,11
ASV13121,3,6,1
ASV13123,3,6,1
ASV1313,3,6,1
ASV13132,3,6,1
ASV1314,1,9,12
ASV13147,3,6,1
ASV1315,3,6,13
ASV13153,3,6,1
ASV13164,3,6,1
ASV1317,3,6,1
ASV1318,3,6,1
ASV1319,3,6,1
ASV1320,2,6,2
ASV13208,3,6,1
ASV13209,3,6,1
ASV1321,3,6,1
ASV13221,3,6,1
ASV13246,3,6,1
ASV1325,3,6,1
ASV1326,1,9,12
ASV13266,3,6,1
ASV13271,3,6,1
ASV13279,3,6,1
ASV1328,3,6,1
ASV13283,3,6,1
ASV1329,3,6,1
ASV13297,3,6,1
ASV13299,3,6,1
ASV1330,3,6,1
ASV13304,3,6,1
ASV13306,3,6,1
ASV13308,3,6,1
ASV1331,1,9,12
ASV13311,3,6,1
ASV1332,3,6,1
ASV13322,3,6,1
ASV13323,3,6,1
ASV1333,5,4,6
ASV1334,9,8,10
ASV13352,3,6,1
ASV13357,3,6,1
ASV13362,3,6,1
ASV13363,3,6,1
ASV1338,3,6,1
ASV13381,3,6,1
ASV13384,3,6,1
ASV1339,3,6,1
ASV13390,3,6,1
ASV13394,3,6,1
ASV1340,3,6,1
ASV13408,3,6,1
ASV1341,3,6,1
ASV1343,3,6,1
ASV1344,3,6,1
ASV13440,3,6,1
ASV1345,3,6,1
ASV13451,3,6,1
ASV13465,3,6,1
ASV13469,3,6,1
ASV1347,3,6,1
ASV13480,3,6,1
ASV13488,3,6,1
ASV1349,3,6,1
ASV13504,3,6,1
ASV1351,11,3,7
ASV13518,3,6,1
ASV1352,3,6,1
ASV13520,3,6,1
ASV13526,3,6,1
ASV1354,5,4,6
ASV1355,3,6,1
ASV13557,3,6,1
ASV13559,3,6,1
ASV13562,3,6,1
ASV1357,3,6,1
ASV13611,3,6,1
ASV13612,3,6,1
ASV13625,3,6,1
ASV1363,1,9,12
ASV1364,3,6,1
ASV1365,3,6,1
ASV13653,3,6,1
ASV13656,3,6,1
ASV13660,3,6,1
ASV13670,3,6,1
ASV13677,3,6,1
ASV13678,3,6,1
ASV1368,3,6,1
ASV13688,3,6,1
ASV1369,3,6,1
ASV13692,3,6,1
ASV1371,3,6,1
ASV1372,3,6,1
ASV13721,3,6,1
ASV13739,3,6,1
ASV13740,3,6,1
ASV13746,3,6,1
ASV13747,3,6,1
ASV13752,3,6,1
ASV1377,3,6,1
ASV1379,3,6,1
ASV13793,3,6,1
ASV13797,3,6,1
ASV13803,3,6,1
ASV1381,3,6,1
ASV13810,3,6,1
ASV1382,3,6,1
ASV1384,3,6,1
ASV13842,3,6,1
ASV1386,3,6,1
ASV1388,1,9,12
ASV13886,3,6,1
ASV1389,3,6,1
ASV13893,3,6,1
ASV13899,3,6,1
ASV1392,12,12,11
ASV13924,3,6,1
ASV1393,12,12,11
ASV13932,3,6,1
ASV13939,3,6,1
ASV1394,3,6,1
ASV13952,3,6,1
ASV13960,3,6,1
ASV13973,3,6,1
ASV1399,3,6,1
ASV13991,3,6,1
ASV13993,3,6,1
ASV1400,3,6,1
ASV14001,3,6,1
ASV14003,3,6,1
ASV14006,3,6,1
ASV14007,3,6,1
ASV14008,3,6,1
ASV1401,3,6,1
ASV1403,3,6,1
ASV1404,3,6,1
ASV14043,3,6,1
ASV1405,8,11,9
ASV14052,3,6,1
ASV14055,3,6,1
ASV14056,3,6,1
ASV14057,3,6,1
ASV14066,3,6,1
ASV14067,3,6,1
ASV1407,3,6,1
ASV1408,3,6,1
ASV1409,3,6,1
ASV14091,3,6,1
ASV14097,3,6,1
ASV1410,3,6,1
ASV14100,3,6,1
ASV14103,3,6,1
ASV14109,3,6,1
ASV1412,1,9,12
ASV14131,3,6,1
ASV1414,3,6,1
ASV14150,3,6,1
ASV14151,3,6,1
ASV14157,3,6,1
ASV14159,3,6,1
ASV1416,9,8,10
ASV1417,3,6,1
ASV14175,3,6,1
ASV14195,3,6,1
ASV1420,3,6,1
ASV14208,3,6,1
ASV1422,3,6,1
ASV14220,3,6,1
ASV14224,3,6,1
ASV1423,3,6,1
ASV1424,3,6,1
ASV1425,12,12,11
ASV1427,3,6,1
ASV1428,3,6,12
ASV14283,3,6,1
ASV14293,3,6,1
ASV14296,3,6,1
ASV14304,3,6,1
ASV1432,3,6,1
ASV1433,3,6,1
ASV14330,3,6,1
ASV1434,3,6,1
ASV1435,3,6,1
ASV1437,3,6,1
ASV14374,3,6,1
ASV14377,3,6,1
ASV1438,3,6,1
ASV14387,3,6,1
ASV1439,3,6,13
ASV14393,3,6,1
ASV14399,3,6,1
ASV14406,3,6,1
ASV1441,3,6,1
ASV14417,3,6,1
ASV14419,3,6,1
ASV1442,3,6,1
ASV14421,3,6,1
ASV14426,3,6,1
ASV14429,3,6,1
ASV14438,3,6,1
ASV1444,3,6,1
ASV14440,3,6,1
ASV1445,11,3,7
ASV1446,3,6,1
ASV14463,3,6,1
ASV1447,3,6,1
ASV1448,3,6,1
ASV14482,3,6,1
ASV1449,3,6,1
ASV14492,3,6,1
ASV14498,3,6,1
ASV1450,3,6,13
ASV14507,3,6,1
ASV1451,3,6,1
ASV14518,3,6,1
ASV1452,3,6,1
ASV1454,3,6,1
ASV14549,3,6,1
ASV1455,12,12,11
ASV1456,3,6,1
ASV14564,3,6,1
ASV14565,3,6,1
ASV1457,3,6,1
ASV14570,3,6,1
ASV14579,3,6,1
ASV1458,3,6,1
ASV14584,3,6,1
ASV1459,9,8,10
ASV14597,3,6,1
ASV14604,3,6,1
ASV1461,3,6,1
ASV14625,3,6,1
ASV1463,1,9,12
ASV14631,3,6,1
ASV14637,3,6,1
ASV14641,3,6,1
ASV1466,3,6,1
ASV1467,5,4,6
ASV14677,3,6,1
ASV14679,3,6,1
ASV14680,3,6,1
ASV14682,3,6,1
ASV1469,3,6,1
ASV1470,3,6,1
ASV14718,3,6,1
ASV1473,3,6,1
ASV14733,3,6,1
ASV14736,3,6,1
ASV1474,11,3,7
ASV14742,3,6,1
ASV1475,1,9,12
ASV14752,3,6,1
ASV1476,3,6,1
ASV14761,3,6,1
ASV14766,3,6,1
ASV14778,3,6,1
ASV1478,3,6,1
ASV14797,3,6,1
ASV1480,3,6,1
ASV14801,3,6,1
ASV1481,3,6,1
ASV1482,3,6,1
ASV1483,3,6,1
ASV14849,3,6,1
ASV1485,3,6,1
ASV14867,3,6,1
ASV1487,3,6,1
ASV1488,3,6,1
ASV1489,12,12,11
ASV1490,3,6,1
ASV14901,3,6,1
ASV14904,3,6,1
ASV1491,3,6,13
ASV14939,3,6,1
ASV14947,3,6,1
ASV1495,3,6,1
ASV1496,3,6,1
ASV14961,3,6,1
ASV14962,3,6,1
ASV14970,3,6,1
ASV14975,3,6,1
ASV1499,3,6,1
ASV14991,3,6,1
ASV1500,3,6,1
ASV15008,3,6,1
ASV1501,3,6,1
ASV15014,3,6,1
ASV1502,3,6,1
ASV15020,3,6,1
ASV15025,3,6,1
ASV15032,3,6,1
ASV15047,3,6,1
ASV1505,3,6,1
ASV15070,3,6,1
ASV15073,3,6,1
ASV15081,3,6,1
ASV1509,3,6,1
ASV1510,3,6,1
ASV1512,11,3,7
ASV1513,3,6,1
ASV1514,3,6,1
ASV15142,3,6,1
ASV1515,3,6,1
ASV1516,3,6,1
ASV15166,3,6,1
ASV15169,3,6,1
ASV1517,12,12,11
ASV15181,3,6,1
ASV15191,3,6,1
ASV15192,3,6,1
ASV1520,3,6,1
ASV1521,8,11,9
ASV15218,3,6,1
ASV1522,3,6,13
ASV1524,3,6,1
ASV15253,3,6,1
ASV15256,3,6,1
ASV1527,7,1,8
ASV15270,3,6,1
ASV15279,3,6,1
ASV1528,1,9,12
ASV1529,3,6,1
ASV15297,3,6,1
ASV15304,3,6,1
ASV1531,3,6,1
ASV15318,3,6,1
ASV1532,2,5,2
ASV15321,3,6,1
ASV15326,3,6,1
ASV15327,3,6,1
ASV15328,3,6,1
ASV1534,3,6,13
ASV15341,3,6,1
ASV1535,3,6,1
ASV1536,3,6,1
ASV1537,11,3,7
ASV1539,3,6,1
ASV1540,3,6,1
ASV15408,3,6,1
ASV1541,9,8,13
ASV15422,3,6,1
ASV15423,3,6,1
ASV1543,12,12,11
ASV15436,3,6,1
ASV15438,3,6,1
ASV15459,3,6,1
ASV1546,8,11,9
ASV1547,11,3,7
ASV1548,3,6,1
ASV15483,3,6,1
ASV1549,3,6,12
ASV1550,3,6,1
ASV1551,1,9,12
ASV15515,3,6,1
ASV1552,11,3,7
ASV15527,3,6,1
ASV1553,3,6,1
ASV1555,3,6,1
ASV1557,8,11,9
ASV15576,3,6,1
ASV15579,3,6,1
ASV15580,3,6,1
ASV1559,11,3,7
ASV15592,3,6,1
ASV1560,3,6,1
ASV1561,3,6,1
ASV15614,3,6,1
ASV15616,3,6,1
ASV15627,3,6,1
ASV1563,3,6,1
ASV1565,9,8,10
ASV1566,3,6,1
ASV15664,3,6,1
ASV1567,3,6,1
ASV15688,3,6,1
ASV1569,3,9,1
ASV15697,3,6,1
ASV15705,3,6,1
ASV15711,3,6,1
ASV1573,3,6,1
ASV15738,3,6,1
ASV1574,3,6,1
ASV15744,3,6,1
ASV1575,1,9,12
ASV15750,3,6,1
ASV1576,3,6,1
ASV15761,3,6,1
ASV15767,3,6,1
ASV1577,12,12,11
ASV15778,3,6,1
ASV1578,3,6,1
ASV15787,3,6,1
ASV1579,1,9,12
ASV15792,3,6,1
ASV15793,3,6,1
ASV1580,3,6,1
ASV15803,3,6,1
ASV1581,3,6,1
ASV15829,3,6,1
ASV1584,3,6,1
ASV15844,3,6,1
ASV1585,3,6,1
ASV1586,3,6,1
ASV15868,3,6,1
ASV15877,3,6,1
ASV15879,3,6,1
ASV15891,3,6,1
ASV1591,3,6,13
ASV1592,1,9,12
ASV15927,3,6,1
ASV1593,9,6,1
ASV1594,3,6,1
ASV15946,3,6,1
ASV15948,3,6,1
ASV1595,3,6,1
ASV15958,3,6,1
ASV1596,3,6,1
ASV15967,3,6,1
ASV1597,5,4,6
ASV1598,3,6,1
ASV1600,3,6,1
ASV1601,3,6,1
ASV1602,1,9,12
ASV16025,3,6,1
ASV1603,3,6,1
ASV16039,3,6,1
ASV1605,3,6,1
ASV1606,3,6,1
ASV16064,3,6,1
ASV16068,3,6,1
ASV1607,3,6,1
ASV16072,3,6,1
ASV16077,3,6,1
ASV1610,3,6,1
ASV16106,3,6,1
ASV1611,3,6,1
ASV16110,3,6,1
ASV1613,3,6,1
ASV1614,3,6,1
ASV1615,12,12,11
ASV1617,9,6,1
ASV16173,3,6,1
ASV1618,3,6,1
ASV16180,3,6,1
ASV1620,8,11,9
ASV1621,3,6,13
ASV16231,3,6,1
ASV1625,3,6,1
ASV16254,3,6,1
ASV16269,3,6,1
ASV1627,3,6,1
ASV16273,3,6,1
ASV1628,3,6,1
ASV1630,3,6,1
ASV1631,1,9,12
ASV16318,3,6,1
ASV16320,3,6,1
ASV16325,3,6,1
ASV16329,3,6,1
ASV1633,11,3,7
ASV16334,3,6,1
ASV1634,3,6,1
ASV16340,3,6,1
ASV1635,3,6,1
ASV1636,3,6,1
ASV1637,1,9,12
ASV1638,1,9,12
ASV16382,3,6,1
ASV1640,12,12,11
ASV16406,3,6,1
ASV1641,1,9,12
ASV1642,3,6,1
ASV1644,3,6,1
ASV1645,3,6,1
ASV16458,3,6,1
ASV1646,5,4,6
ASV16463,3,6,1
ASV1648,3,6,1
ASV1649,3,6,1
ASV1650,3,6,1
ASV16500,3,6,1
ASV1651,1,9,12
ASV1652,3,6,1
ASV1653,3,6,1
ASV1654,3,6,1
ASV1655,3,6,1
ASV1656,3,6,1
ASV16564,3,6,1
ASV1657,9,8,10
ASV1658,9,8,10
ASV16599,3,6,1
ASV1660,3,6,1
ASV16607,3,6,1
ASV1661,3,6,1
ASV1663,12,12,11
ASV16634,3,6,1
ASV1664,3,6,1
ASV16641,3,6,1
ASV16649,3,6,1
ASV1665,3,6,1
ASV16652,3,6,1
ASV16657,3,6,1
ASV1666,3,6,1
ASV16665,3,6,1
ASV1667,3,6,1
ASV1668,3,6,1
ASV16696,3,6,1
ASV1670,3,6,13
ASV16705,3,6,1
ASV1671,9,8,10
ASV16714,3,6,1
ASV1675,12,12,11
ASV1676,9,8,10
ASV1677,3,6,1
ASV1678,3,6,1
ASV16780,3,6,1
ASV1680,1,9,12
ASV16807,3,6,1
ASV16810,3,6,1
ASV16817,3,6,1
ASV1682,3,6,1
ASV16820,3,6,1
ASV16823,3,6,1
ASV1683,9,8,10
ASV1684,9,8,10
ASV1685,3,6,1
ASV16854,3,6,1
ASV16856,3,6,1
ASV1687,3,6,1
ASV16885,3,6,1
ASV1689,3,6,1
ASV1690,3,6,1
ASV16905,3,6,1
ASV16909,3,6,1
ASV1691,3,6,1
ASV1692,3,6,1
ASV1693,9,8,10
ASV16930,3,6,1
ASV16932,3,6,1
ASV16933,3,6,1
ASV1694,3,6,1
ASV1696,3,6,1
ASV16966,3,6,1
ASV1697,3,6,1
ASV16971,3,6,1
ASV1698,3,6,1
ASV16983,3,6,1
ASV1700,3,6,1
ASV17008,3,6,1
ASV1701,3,6,1
ASV1702,3,6,1
ASV17020,3,6,1
ASV1704,3,6,1
ASV17042,3,6,1
ASV1706,3,6,1
ASV17063,3,6,1
ASV17073,3,6,1
ASV17076,3,6,1
ASV17088,3,6,1
ASV1709,3,6,1
ASV17095,3,6,1
ASV17102,3,6,1
ASV1711,3,6,1
ASV1712,3,6,1
ASV1713,3,6,1
ASV17132,3,6,1
ASV1715,3,6,1
ASV1717,7,1,8
ASV17171,3,6,1
ASV1718,12,12,11
ASV1719,3,6,1
ASV1720,3,6,1
ASV1721,3,6,1
ASV1723,3,6,1
ASV1724,3,6,1
ASV1725,3,6,13
ASV1727,9,8,10
ASV17270,3,6,1
ASV1728,3,6,1
ASV17286,3,6,1
ASV17287,3,6,1
ASV1729,1,9,12
ASV1730,3,6,1
ASV17305,3,6,1
ASV1731,3,6,1
ASV17319,3,6,1
ASV1732,12,12,11
ASV1735,3,6,1
ASV1736,3,6,1
ASV17366,3,6,1
ASV17376,3,6,1
ASV1738,3,6,1
ASV1739,1,9,12
ASV1740,3,6,1
ASV17406,3,6,1
ASV1741,3,6,1
ASV1742,3,6,1
ASV17425,3,6,1
ASV1743,3,6,1
ASV1744,3,6,1
ASV1745,3,6,13
ASV1746,3,6,1
ASV1747,3,6,1
ASV17475,3,6,1
ASV1748,1,9,12
ASV17505,3,6,1
ASV1751,3,6,13
ASV17519,3,6,1
ASV1752,3,6,1
ASV17535,3,6,1
ASV1755,12,12,11
ASV1756,9,8,10
ASV1758,3,6,1
ASV17619,3,6,1
ASV1762,1,9,12
ASV1763,3,6,1
ASV1764,3,6,1
ASV1765,3,6,1
ASV1766,12,6,11
ASV17660,3,6,1
ASV1770,1,9,12
ASV1771,3,6,1
ASV17712,3,6,1
ASV1772,3,6,1
ASV1773,3,6,1
ASV1774,3,6,1
ASV17754,3,6,1
ASV17768,3,6,1
ASV1778,3,6,1
ASV17785,3,6,1
ASV1782,3,6,1
ASV1784,3,6,1
ASV1785,3,6,1
ASV17853,3,6,1
ASV17854,3,6,1
ASV1786,3,6,1
ASV1787,3,6,1
ASV1788,3,6,1
ASV1789,3,6,1
ASV17898,3,6,1
ASV1792,1,9,12
ASV1794,3,6,1
ASV17940,3,6,1
ASV17945,3,6,1
ASV17948,3,6,1
ASV17950,3,6,1
ASV1797,3,6,1
ASV17973,3,6,1
ASV1798,3,6,1
ASV1800,3,6,1
ASV1803,3,6,1
ASV1804,9,6,1
ASV18049,3,6,1
ASV1805,3,6,1
ASV1807,9,8,10
ASV1808,3,6,1
ASV1810,3,6,1
ASV1811,3,6,1
ASV1812,3,6,1
ASV1813,3,6,1
ASV1817,11,3,7
ASV18174,3,6,1
ASV1818,3,6,1
ASV18186,3,6,1
ASV18193,3,6,1
ASV1820,12,12,11
ASV1821,3,6,1
ASV18213,3,6,1
ASV1822,3,6,1
ASV1823,3,6,1
ASV1824,3,6,1
ASV1825,3,6,13
ASV1826,3,6,1
ASV1827,1,9,12
ASV1828,3,6,1
ASV18292,3,6,1
ASV1830,12,12,11
ASV1832,3,6,1
ASV1833,3,6,1
ASV1834,3,6,1
ASV1836,12,12,11
ASV18366,3,6,1
ASV18367,3,6,1
ASV1837,3,6,1
ASV18383,3,6,1
ASV1839,3,6,1
ASV1840,3,6,1
ASV18402,3,6,1
ASV18419,3,6,1
ASV1842,3,6,1
ASV1844,3,6,1
ASV18441,3,6,1
ASV1845,3,6,1
ASV1846,3,6,1
ASV1848,3,6,1
ASV18482,3,6,1
ASV1849,3,6,1
ASV1850,3,6,1
ASV18501,3,6,1
ASV1851,3,6,1
ASV1852,3,6,13
ASV1854,3,6,1
ASV1855,3,6,1
ASV18559,3,6,1
ASV1856,3,6,1
ASV1857,3,6,1
ASV1859,1,9,12
ASV1860,3,6,1
ASV1861,12,12,11
ASV1862,3,6,1
ASV1863,3,6,1
ASV1864,3,6,1
ASV1865,3,6,1
ASV18661,3,6,1
ASV1867,3,6,1
ASV1869,3,6,1
ASV18690,3,6,1
ASV1870,3,6,1
ASV1871,3,6,1
ASV1873,9,6,1
ASV1874,12,12,11
ASV18748,3,6,1
ASV1875,9,6,1
ASV1876,12,12,11
ASV1877,3,6,1
ASV1878,3,6,1
ASV1879,3,6,1
ASV1881,3,6,1
ASV1882,3,6,1
ASV1883,5,4,6
ASV1885,3,9,12
ASV1886,3,6,1
ASV1887,3,6,1
ASV18875,3,6,1
ASV1889,3,6,1
ASV1890,3,6,1
ASV18926,3,6,1
ASV1893,3,6,1
ASV1895,9,8,10
ASV1896,3,6,1
ASV18964,3,6,1
ASV1897,3,6,1
ASV1898,3,6,1
ASV1900,3,6,1
ASV1901,3,6,1
ASV1902,12,12,11
ASV1903,3,6,1
ASV19033,3,6,1
ASV1904,3,6,1
ASV1906,3,6,1
ASV1907,3,6,1
ASV1908,3,6,1
ASV1909,3,6,1
ASV1910,1,9,12
ASV1911,3,6,1
ASV1915,3,6,1
ASV1916,3,6,1
ASV1917,3,6,1
ASV1918,3,6,1
ASV1919,3,6,1
ASV1921,3,6,1
ASV1922,3,6,1
ASV1923,3,6,1
ASV1925,3,6,1
ASV19252,3,6,1
ASV1926,3,6,1
ASV1927,3,6,1
ASV1929,3,6,1
ASV1930,3,6,1
ASV1931,3,6,1
ASV1934,3,6,1
ASV1935,3,6,1
ASV1938,3,6,1
ASV1939,3,6,1
ASV1940,3,6,1
ASV1941,3,6,1
ASV19412,3,6,1
ASV1942,3,6,1
ASV1943,3,6,1
ASV1944,9,8,10
ASV1945,3,6,1
ASV19450,3,6,1
ASV1946,3,6,13
ASV19484,3,6,1
ASV19497,3,6,1
ASV1950,3,6,1
ASV1951,3,6,1
ASV1953,3,6,1
ASV1954,3,6,1
ASV1955,3,6,1
ASV1956,3,6,1
ASV19585,3,6,1
ASV1959,3,6,1
ASV1960,1,9,12
ASV1964,3,6,1
ASV1965,3,6,1
ASV19667,3,6,1
ASV1967,3,6,1
ASV1968,3,6,1
ASV19688,3,6,1
ASV1969,1,9,12
ASV1970,3,6,1
ASV1973,3,6,1
ASV1974,3,6,1
ASV19741,3,6,1
ASV1975,1,9,12
ASV19759,3,6,1
ASV1976,3,6,1
ASV1977,12,12,11
ASV19789,3,6,1
ASV1979,3,6,1
ASV19799,3,6,1
ASV19806,3,6,1
ASV1981,3,6,1
ASV1982,3,6,1
ASV19821,3,6,1
ASV1983,3,6,1
ASV19830,3,6,1
ASV19835,3,6,1
ASV1985,3,6,1
ASV1987,3,6,1
ASV1991,3,6,1
ASV19935,3,6,1
ASV1994,9,8,10
ASV1995,3,6,1
ASV1996,3,6,1
ASV2001,3,6,1
ASV2004,3,6,1
ASV2005,3,6,1
ASV2009,1,9,12
ASV2010,11,3,7
ASV20100,3,6,1
ASV2011,3,6,1
ASV2012,3,6,1
ASV2013,3,6,1
ASV2016,3,6,1
ASV2018,3,6,1
ASV2019,3,6,1
ASV2020,9,6,1
ASV2021,3,6,1
ASV2023,3,6,1
ASV2024,9,8,10
ASV20246,3,6,1
ASV20251,3,6,1
ASV2026,3,6,1
ASV20268,3,6,1
ASV2028,3,6,1
ASV2029,3,6,1
ASV20292,3,6,1
ASV2030,3,6,1
ASV2031,3,6,1
ASV2032,3,6,1
ASV2033,3,6,1
ASV2034,3,6,1
ASV20362,3,6,1
ASV2038,3,6,13
ASV20386,3,6,1
ASV2041,3,6,1
ASV2042,3,6,1
ASV2043,3,6,1
ASV20450,3,6,1
ASV2046,1,9,12
ASV2047,3,6,1
ASV2048,3,6,1
ASV2049,3,6,1
ASV2050,3,6,1
ASV2051,3,6,1
ASV2053,3,6,1
ASV2055,3,6,1
ASV20551,3,6,1
ASV2056,8,11,9
ASV2057,3,6,1
ASV2058,3,6,1
ASV20586,3,6,1
ASV2059,3,6,1
ASV2060,3,6,1
ASV20601,3,6,1
ASV20603,3,6,1
ASV2061,1,9,12
ASV2062,3,6,1
ASV2064,3,6,1
ASV2065,9,6,1
ASV2066,9,8,10
ASV2067,12,12,11
ASV20691,3,6,1
ASV2070,3,6,1
ASV2072,3,6,1
ASV2073,3,6,1
ASV2075,3,6,1
ASV2076,3,6,1
ASV20760,3,6,1
ASV2077,3,6,1
ASV2078,3,6,1
ASV2079,3,6,1
ASV2080,3,6,1
ASV20802,3,6,1
ASV2081,3,6,1
ASV2082,3,6,1
ASV2083,3,6,1
ASV2085,3,6,1
ASV2086,3,6,1
ASV2087,3,6,1
ASV20872,3,6,1
ASV2088,3,6,1
ASV2089,3,6,1
ASV2091,3,6,1
ASV2094,3,6,1
ASV20943,3,6,1
ASV2096,3,6,1
ASV2097,3,6,1
ASV2099,3,6,1
ASV2100,3,6,1
ASV2101,3,6,1
ASV2102,3,6,1
ASV2103,3,6,1
ASV2105,3,6,1
ASV2106,3,6,1
ASV2108,3,6,1
ASV2112,3,6,1
ASV2113,3,6,1
ASV2114,9,8,10
ASV2117,3,6,1
ASV2119,3,6,1
ASV21207,3,6,1
ASV2121,3,6,1
ASV2122,3,6,1
ASV2124,11,3,7
ASV2125,3,6,1
ASV21259,3,6,1
ASV2126,3,6,1
ASV2127,3,6,1
ASV2128,3,6,1
ASV2130,3,6,1
ASV2131,3,6,1
ASV2132,3,6,1
ASV2135,3,6,1
ASV2136,3,6,1
ASV2137,3,6,1
ASV2138,3,6,1
ASV2139,9,8,10
ASV2140,3,6,1
ASV2141,3,6,1
ASV2142,3,6,1
ASV2144,1,9,12
ASV2145,3,6,1
ASV2146,3,6,1
ASV2147,3,6,1
ASV2148,3,6,1
ASV21486,3,6,1
ASV2149,3,6,1
ASV2150,3,6,1
ASV2151,3,6,1
ASV2152,3,6,1
ASV2153,3,6,1
ASV2154,3,6,1
ASV2156,3,6,1
ASV21568,3,6,1
ASV2157,3,6,1
ASV2158,3,6,1
ASV2160,3,6,1
ASV2161,3,6,13
ASV2162,3,6,1
ASV21626,3,6,1
ASV2165,3,6,1
ASV2167,3,6,1
ASV2169,3,6,1
ASV2170,3,6,1
ASV21701,3,6,1
ASV2171,3,6,1
ASV2172,3,6,1
ASV2173,12,12,11
ASV2174,3,6,1
ASV2175,3,6,1
ASV2176,9,8,10
ASV2177,3,6,1
ASV2178,12,12,11
ASV2179,3,6,1
ASV2180,3,6,1
ASV2181,3,6,1
ASV2182,11,3,7
ASV2183,3,6,1
ASV21866,3,6,1
ASV2187,3,6,1
ASV2188,3,6,1
ASV2189,3,6,1
ASV2190,3,6,1
ASV2193,3,6,1
ASV2194,3,6,13
ASV2196,12,12,11
ASV2197,3,6,1
ASV2198,3,6,1
ASV2201,3,6,13
ASV2202,3,6,1
ASV2203,12,12,11
ASV2204,3,6,1
ASV2205,3,6,1
ASV2206,3,6,1
ASV2208,3,6,1
ASV2210,3,6,1
ASV2211,3,6,1
ASV2212,3,6,1
ASV2213,3,6,1
ASV2214,3,6,1
ASV2216,3,6,1
ASV2217,3,6,1
ASV2218,3,6,1
ASV2220,3,6,1
ASV2222,3,6,1
ASV2223,3,6,1
ASV2225,3,6,1
ASV2226,3,6,1
ASV2228,3,6,1
ASV2229,3,6,1
ASV2231,3,6,1
ASV2232,3,6,1
ASV22332,3,6,1
ASV2234,3,6,1
ASV2235,3,6,1
ASV2237,11,3,7
ASV22376,3,6,1
ASV2238,3,6,1
ASV2240,3,6,1
ASV2245,3,6,1
ASV22457,3,6,1
ASV2248,3,6,1
ASV2249,9,8,10
ASV2250,3,6,1
ASV2251,3,6,1
ASV2252,3,6,1
ASV2253,3,6,1
ASV22537,3,6,1
ASV2254,9,8,10
ASV22545,3,6,1
ASV22549,3,6,1
ASV2255,11,3,7
ASV2256,12,12,11
ASV2257,3,6,1
ASV2259,3,6,1
ASV2261,3,6,1
ASV2262,3,6,1
ASV2264,3,6,1
ASV2265,3,6,1
ASV2266,3,6,1
ASV2267,3,6,1
ASV2268,3,6,1
ASV2269,3,6,1
ASV22698,3,6,1
ASV2271,3,6,1
ASV2272,3,6,1
ASV2273,3,6,1
ASV2275,3,6,1
ASV2276,3,6,1
ASV2277,3,6,1
ASV2278,3,6,1
ASV2279,3,6,1
ASV2280,3,6,1
ASV2281,3,6,1
ASV2282,3,6,1
ASV2283,3,6,1
ASV2284,3,6,1
ASV2285,9,8,10
ASV22853,3,6,1
ASV2286,3,6,1
ASV2287,3,6,1
ASV2288,3,6,1
ASV2289,3,6,1
ASV2290,3,6,1
ASV2291,3,6,1
ASV2292,3,6,1
ASV2293,3,6,1
ASV2294,3,6,1
ASV2296,3,6,1
ASV2297,3,6,1
ASV2298,3,6,1
ASV2300,3,6,1
ASV2301,3,6,1
ASV2304,3,6,1
ASV2307,3,6,1
ASV2311,3,6,1
ASV23122,3,6,1
ASV2314,3,6,1
ASV2315,3,6,1
ASV2316,3,6,1
ASV23165,3,6,1
ASV2317,3,6,1
ASV2318,3,6,1
ASV2319,3,6,1
ASV2320,3,6,1
ASV2321,3,6,1
ASV2323,3,6,1
ASV2327,3,6,1
ASV23271,3,6,1
ASV2328,3,6,1
ASV2329,3,6,1
ASV2330,3,6,1
ASV2332,3,6,1
ASV2333,3,6,1
ASV2334,3,6,1
ASV2335,3,6,1
ASV2337,3,6,1
ASV2340,3,6,1
ASV2341,3,6,1
ASV2342,3,6,1
ASV2343,3,6,1
ASV2346,9,6,1
ASV2347,3,6,1
ASV2348,3,6,1
ASV2349,3,6,1
ASV23495,3,6,1
ASV2352,3,6,1
ASV2353,3,6,1
ASV2354,3,6,1
ASV2357,3,6,1
ASV2359,3,6,1
ASV2361,3,6,1
ASV2362,3,6,1
ASV2364,3,6,1
ASV2366,12,12,11
ASV2367,3,6,1
ASV2368,3,6,1
ASV2371,3,6,1
ASV2372,3,6,1
ASV2376,3,6,1
ASV2377,3,6,1
ASV2378,3,6,1
ASV2379,3,6,1
ASV2380,3,6,1
ASV2381,3,6,1
ASV2383,3,6,1
ASV2384,3,6,1
ASV2385,3,6,1
ASV2386,3,6,1
ASV2387,3,6,1
ASV2389,3,6,1
ASV2390,3,6,1
ASV2392,3,6,1
ASV2394,3,6,1
ASV2396,3,6,1
ASV2397,3,6,1
ASV2400,3,6,1
ASV2402,3,6,1
ASV2403,3,6,13
ASV2404,3,6,1
ASV2406,3,6,1
ASV2409,3,6,1
ASV2410,3,6,13
ASV2411,3,6,1
ASV2412,3,6,1
ASV2413,3,6,1
ASV2414,3,6,1
ASV2416,3,6,1
ASV2417,3,6,1
ASV2418,3,6,13
ASV2419,3,6,1
ASV24192,3,6,1
ASV2420,3,6,1
ASV2421,3,6,1
ASV2423,3,6,1
ASV2426,3,6,1
ASV2427,3,6,1
ASV2432,3,6,1
ASV2433,3,6,1
ASV2434,3,6,1
ASV2435,3,6,1
ASV2438,9,8,10
ASV2439,3,6,1
ASV2440,3,6,1
ASV2447,3,6,1
ASV2448,3,6,1
ASV2449,3,6,1
ASV2450,3,6,1
ASV2451,3,6,1
ASV24519,3,6,1
ASV2452,3,6,1
ASV2456,3,6,1
ASV2457,3,6,1
ASV24575,3,6,1
ASV2458,9,6,1
ASV2459,3,6,1
ASV2460,3,6,1
ASV2461,3,6,1
ASV2462,3,6,1
ASV2463,3,6,1
ASV2464,3,6,1
ASV2465,3,6,1
ASV2466,3,6,1
ASV2467,3,6,1
ASV2469,3,6,1
ASV2471,3,6,1
ASV2474,12,12,11
ASV2475,3,6,1
ASV2476,3,6,1
ASV2477,3,6,1
ASV2478,3,6,1
ASV2479,3,6,1
ASV2481,3,6,1
ASV2483,3,6,1
ASV2484,3,6,1
ASV2485,3,6,13
ASV2486,3,6,1
ASV2487,3,6,1
ASV2488,3,6,1
ASV2489,3,6,1
ASV2490,3,6,1
ASV2491,3,6,1
ASV2492,3,6,1
ASV2493,3,6,1
ASV2495,3,6,1
ASV2496,3,6,1
ASV2497,3,6,1
ASV2498,3,6,1
ASV2499,3,6,1
ASV2500,3,6,1
ASV2501,3,6,1
ASV2502,3,6,1
ASV2503,3,6,1
ASV2504,3,6,1
ASV2505,3,6,1
ASV2506,3,6,1
ASV2509,3,6,1
ASV2510,3,6,1
ASV2511,3,6,1
ASV2513,3,6,1
ASV2514,3,6,1
ASV2515,3,6,1
ASV2516,3,6,13
ASV2517,3,6,1
ASV2518,3,6,1
ASV2520,3,6,1
ASV2522,3,6,1
ASV2523,3,6,13
ASV2525,3,6,1
ASV2526,3,6,1
ASV2528,3,6,1
ASV2529,3,6,1
ASV2530,3,6,1
ASV2532,3,6,1
ASV2533,3,6,1
ASV2534,3,6,1
ASV2535,3,6,1
ASV2536,3,6,1
ASV2537,3,6,1
ASV2538,3,6,1
ASV2539,3,6,1
ASV2540,3,6,1
ASV2541,3,6,1
ASV2542,3,6,1
ASV2543,3,6,1
ASV2544,3,6,1
ASV2546,3,6,1
ASV2548,3,6,1
ASV2549,3,6,1
ASV2550,3,6,1
ASV2551,3,6,1
ASV2552,3,6,1
ASV2553,3,6,1
ASV2556,3,6,1
ASV2557,3,6,1
ASV2559,3,6,1
ASV2560,3,6,1
ASV2561,3,6,1
ASV2562,3,6,1
ASV25628,3,6,1
ASV2563,3,6,1
ASV2564,3,6,1
ASV2565,3,6,12
ASV2568,3,6,1
ASV2569,3,6,13
ASV2573,3,6,1
ASV2574,3,6,1
ASV2576,3,6,1
ASV2579,3,6,1
ASV2580,3,6,1
ASV2581,3,6,1
ASV2583,3,6,1
ASV2584,3,6,1
ASV2585,3,6,1
ASV2586,3,6,1
ASV2588,3,6,1
ASV2589,3,6,1
ASV2591,3,6,1
ASV2593,3,6,1
ASV2594,3,6,1
ASV2595,3,6,1
ASV2596,3,6,1
ASV2597,3,6,1
ASV2599,3,6,1
ASV25990,3,6,1
ASV2600,3,6,12
ASV2602,3,6,1
ASV2603,3,6,1
ASV2604,3,6,1
ASV2605,3,6,1
ASV2606,3,6,1
ASV26068,3,6,1
ASV2607,3,6,13
ASV2608,3,6,1
ASV2609,11,3,7
ASV2610,3,6,1
ASV2613,3,6,1
ASV2617,3,6,1
ASV2619,3,6,1
ASV2621,3,6,1
ASV2622,3,6,1
ASV2623,3,6,1
ASV2624,3,6,1
ASV2628,3,6,1
ASV2629,3,6,1
ASV2630,3,6,1
ASV2631,3,6,1
ASV2633,3,6,1
ASV2634,3,6,1
ASV2636,3,6,1
ASV2638,3,6,1
ASV2639,3,6,1
ASV2640,3,6,1
ASV2641,3,6,1
ASV2643,3,6,1
ASV2645,3,6,1
ASV2646,3,6,1
ASV2647,3,6,1
ASV2648,3,6,1
ASV2649,3,6,1
ASV2650,3,6,1
ASV2652,3,6,1
ASV2653,3,6,1
ASV2654,3,6,1
ASV2656,3,6,1
ASV2657,3,6,1
ASV2658,3,6,1
ASV2659,3,6,1
ASV2660,3,6,1
ASV2661,3,6,1
ASV2662,3,6,1
ASV2663,3,6,1
ASV2664,3,6,1
ASV2666,3,6,1
ASV2669,3,6,1
ASV2670,9,8,10
ASV2671,3,6,1
ASV2672,3,6,1
ASV2673,3,6,1
ASV2674,3,6,1
ASV2676,3,6,13
ASV2677,3,6,1
ASV2678,3,6,1
ASV2680,3,6,1
ASV2681,3,6,1
ASV2682,3,6,1
ASV2684,3,6,1
ASV2685,3,6,1
ASV2686,3,6,1
ASV2687,3,6,1
ASV2688,3,6,1
ASV2689,3,6,1
ASV2690,3,6,1
ASV2691,3,6,1
ASV2692,3,6,1
ASV2693,3,6,1
ASV2694,3,6,1
ASV2695,3,6,1
ASV2696,3,6,1
ASV2698,3,6,1
ASV2699,3,6,1
ASV2701,3,6,1
ASV2702,3,6,1
ASV2703,3,6,1
ASV2704,3,6,1
ASV2705,3,6,1
ASV2706,3,6,1
ASV2707,3,6,1
ASV2709,3,6,1
ASV2711,3,6,1
ASV2712,3,6,1
ASV2714,3,6,1
ASV2715,3,6,1
ASV2718,3,6,1
ASV2719,3,6,1
ASV2722,3,6,1
ASV2725,3,6,1
ASV2726,3,6,1
ASV2727,3,6,1
ASV2728,3,6,1
ASV2729,3,6,1
ASV2730,3,6,1
ASV2733,3,6,1
ASV2734,3,6,1
ASV2735,3,6,1
ASV2737,3,6,1
ASV2738,3,6,1
ASV2739,3,6,1
ASV2741,3,6,1
ASV2744,3,6,1
ASV2746,12,12,11
ASV2747,3,6,1
ASV2749,3,6,1
ASV2751,3,6,1
ASV2752,3,6,1
ASV2753,3,6,1
ASV2754,12,12,11
ASV2755,3,6,1
ASV2756,3,6,1
ASV2757,3,6,1
ASV2758,3,6,1
ASV2760,12,12,11
ASV2761,3,6,1
ASV2762,3,6,1
ASV2764,3,6,1
ASV2765,3,6,1
ASV2766,3,6,1
ASV2769,3,6,1
ASV2770,3,6,1
ASV2772,3,6,1
ASV2774,3,6,1
ASV2775,3,6,1
ASV2776,3,6,1
ASV2777,3,6,1
ASV2778,3,6,1
ASV2779,3,6,1
ASV2780,3,6,1
ASV2782,3,6,1
ASV2783,3,6,1
ASV2784,3,6,1
ASV2785,3,6,1
ASV2786,3,6,1
ASV2787,3,6,1
ASV2788,3,6,1
ASV2789,3,6,13
ASV2791,3,6,1
ASV2792,3,6,1
ASV2793,3,6,1
ASV2794,3,6,1
ASV2795,3,6,1
ASV2796,3,6,1
ASV2797,3,6,1
ASV2800,3,6,1
ASV2801,3,6,1
ASV2802,3,6,1
ASV2803,3,6,1
ASV2804,3,6,1
ASV2805,3,6,1
ASV2806,3,6,1
ASV2807,3,6,1
ASV2809,9,8,10
ASV2810,3,6,1
ASV2813,3,6,1
ASV2814,3,6,1
ASV2818,3,6,1
ASV2819,3,6,13
ASV2820,3,6,1
ASV2822,3,6,1
ASV2823,3,6,1
ASV2825,3,6,1
ASV2827,3,6,1
ASV2828,3,6,1
ASV2829,3,6,1
ASV2830,3,6,1
ASV2834,3,6,1
ASV2836,3,6,1
ASV2837,3,6,1
ASV2840,3,6,1
ASV2841,3,6,1
ASV2843,3,6,1
ASV2844,3,6,1
ASV2845,3,6,1
ASV2846,3,6,1
ASV2847,3,6,1
ASV2848,3,6,1
ASV2849,3,6,1
ASV2851,3,6,1
ASV2852,3,6,1
ASV2853,3,6,1
ASV2854,3,6,1
ASV2856,3,6,1
ASV2857,3,6,1
ASV2858,3,6,1
ASV2862,3,6,1
ASV2863,3,6,1
ASV2864,3,6,1
ASV2866,3,6,1
ASV2868,3,6,1
ASV2869,3,6,1
ASV2870,3,6,1
ASV2872,3,6,1
ASV2873,3,6,1
ASV2874,3,6,1
ASV2876,3,6,1
ASV2877,3,6,1
ASV2878,3,6,1
ASV2879,3,6,1
ASV2881,3,6,1
ASV2882,3,6,1
ASV2883,3,6,1
ASV2884,3,6,1
ASV2885,3,6,1
ASV2889,3,6,1
ASV2890,3,6,1
ASV2891,3,6,1
ASV2892,3,6,1
ASV2893,3,6,1
ASV2895,3,6,1
ASV2896,3,6,1
ASV2898,3,6,1
ASV2900,3,6,1
ASV2902,3,6,1
ASV2903,3,6,1
ASV2906,3,6,1
ASV2907,3,6,1
ASV2908,3,6,1
ASV2909,3,6,1
ASV2910,3,6,1
ASV2913,3,6,1
ASV2914,3,6,1
ASV2915,3,6,1
ASV2918,3,6,1
ASV2919,3,6,1
ASV2920,3,6,1
ASV2922,3,6,1
ASV2924,3,6,1
ASV2925,3,6,1
ASV2927,3,6,1
ASV2929,3,6,1
ASV2931,3,6,1
ASV2932,3,6,1
ASV2933,3,6,1
ASV2934,3,6,1
ASV2935,3,6,1
ASV2936,3,6,1
ASV2942,3,6,1
ASV2943,3,6,1
ASV2945,3,6,1
ASV2946,3,6,1
ASV2948,3,6,1
ASV2949,3,6,13
ASV2951,3,6,1
ASV2954,3,6,1
ASV2955,3,6,1
ASV2956,3,6,1
ASV2958,3,6,1
ASV2960,3,6,1
ASV2961,3,6,1
ASV2963,3,6,1
ASV2965,3,6,1
ASV2968,3,6,1
ASV2969,3,6,1
ASV2970,3,6,1
ASV2972,3,6,1
ASV2973,3,6,1
ASV2974,3,6,1
ASV2977,3,6,1
ASV2979,3,6,1
ASV2980,3,6,1
ASV2981,3,6,1
ASV2982,3,6,1
ASV2985,3,6,1
ASV29857,3,6,1
ASV2991,3,6,1
ASV2992,3,6,1
ASV2993,3,6,1
ASV2994,3,6,1
ASV2996,3,6,1
ASV2997,3,6,1
ASV2998,3,6,1
ASV2999,3,6,1
ASV3001,3,6,1
ASV3003,3,6,1
ASV3006,3,6,1
ASV3007,3,6,1
ASV3008,3,6,1
ASV3009,3,6,1
ASV3010,3,6,1
ASV3014,3,6,1
ASV3017,3,6,1
ASV3018,3,6,1
ASV3019,3,6,1
ASV3020,3,6,1
ASV3021,3,6,1
ASV3022,3,6,1
ASV3023,3,6,1
ASV3024,3,6,1
ASV3025,3,6,1
ASV30254,3,6,1
ASV3027,3,6,1
ASV3028,3,6,1
ASV3029,3,6,1
ASV3031,3,6,1
ASV3033,3,6,1
ASV3034,3,6,13
ASV3036,3,6,1
ASV3037,3,6,1
ASV3040,3,6,1
ASV3041,3,6,1
ASV3042,3,6,1
ASV3044,3,6,1
ASV3045,3,6,1
ASV3048,3,6,1
ASV3049,3,6,1
ASV3050,3,6,1
ASV3053,3,6,1
ASV3054,3,6,1
ASV3055,3,6,1
ASV3056,3,6,1
ASV3057,3,6,1
ASV3060,3,6,1
ASV3062,3,6,1
ASV3065,3,6,1
ASV3066,3,6,1
ASV3069,3,6,1
ASV3070,3,6,1
ASV3072,3,6,1
ASV3075,3,6,1
ASV3076,3,6,1
ASV3077,3,6,1
ASV3078,3,6,1
ASV30780,3,6,1
ASV3079,3,6,1
ASV3081,3,6,1
ASV3082,3,6,1
ASV3084,3,6,1
ASV3085,3,6,1
ASV3087,3,6,1
ASV3089,3,6,1
ASV3090,3,6,1
ASV3091,3,6,1
ASV3093,3,6,1
ASV3094,3,6,1
ASV3095,3,6,1
ASV3097,3,6,1
ASV3099,3,6,1
ASV3100,3,6,1
ASV3101,3,6,1
ASV3104,3,6,1
ASV3105,3,6,1
ASV3106,3,6,1
ASV3107,3,6,1
ASV3108,3,6,1
ASV3109,3,6,1
ASV3110,3,6,1
ASV3111,3,6,1
ASV3113,3,6,1
ASV3114,3,6,1
ASV3116,3,6,1
ASV3117,3,6,1
ASV3118,3,6,1
ASV3119,3,6,1
ASV3120,3,6,1
ASV3123,3,6,1
ASV3124,3,6,1
ASV3125,3,6,1
ASV3126,3,6,1
ASV3129,3,6,1
ASV3130,3,6,1
ASV3132,3,6,1
ASV3134,3,6,1
ASV3137,3,6,1
ASV3138,3,6,1
ASV3140,3,6,1
ASV3141,3,6,1
ASV3142,3,6,1
ASV3143,3,6,13
ASV3144,3,6,1
ASV3146,3,6,1
ASV3147,3,6,1
ASV3148,3,6,1
ASV3150,3,6,1
ASV3151,3,6,1
ASV3152,3,6,1
ASV3153,3,6,1
ASV3154,3,6,1
ASV3155,3,6,1
ASV3159,3,6,1
ASV3160,3,6,1
ASV3161,3,6,1
ASV3163,3,6,1
ASV3164,3,6,1
ASV3167,3,6,1
ASV3168,3,6,1
ASV3170,3,6,1
ASV3171,3,6,1
ASV3172,3,6,1
ASV3174,3,6,1
ASV3175,3,6,1
ASV3176,3,6,1
ASV3177,3,6,1
ASV3180,3,6,1
ASV3183,3,6,1
ASV3184,3,6,1
ASV3186,3,6,1
ASV3187,3,6,1
ASV3189,3,6,1
ASV3192,3,6,1
ASV3194,3,6,1
ASV3195,3,6,1
ASV3196,3,6,1
ASV3199,3,6,1
ASV3201,3,6,1
ASV3202,3,6,1
ASV3206,3,6,1
ASV3207,3,6,1
ASV3208,3,6,1
ASV3209,3,6,1
ASV3210,3,6,1
ASV3211,3,6,1
ASV3213,3,6,1
ASV3214,3,6,1
ASV3215,3,6,1
ASV3217,3,6,1
ASV3219,3,6,1
ASV3220,3,6,1
ASV3222,3,6,1
ASV3223,3,6,1
ASV3224,3,6,1
ASV3226,3,6,1
ASV3227,3,6,1
ASV3229,3,6,1
ASV3230,3,6,1
ASV3231,3,6,1
ASV3233,3,6,13
ASV3234,3,6,1
ASV3235,3,6,1
ASV3236,3,6,1
ASV3238,3,6,1
ASV3239,3,6,1
ASV3240,3,6,1
ASV3241,3,6,1
ASV3245,3,6,1
ASV3247,3,6,1
ASV3249,3,6,1
ASV3250,3,6,1
ASV3251,3,6,1
ASV3252,3,6,1
ASV3254,3,6,1
ASV3255,3,6,1
ASV3257,3,6,1
ASV3259,3,6,1
ASV3260,3,6,1
ASV3261,3,6,1
ASV3262,3,6,1
ASV3263,3,6,1
ASV3264,3,6,1
ASV3265,3,6,1
ASV3268,3,6,1
ASV3270,3,6,1
ASV3271,3,6,1
ASV3273,3,6,1
ASV3274,3,6,1
ASV3279,3,6,1
ASV3280,3,6,1
ASV3281,3,6,1
ASV3283,3,6,1
ASV3284,3,6,1
ASV3285,3,6,1
ASV3286,3,6,1
ASV3287,3,6,1
ASV3288,3,6,1
ASV3290,3,6,1
ASV3291,3,6,1
ASV3293,3,6,1
ASV3294,3,6,1
ASV3296,3,6,1
ASV3297,3,6,1
ASV3298,3,6,1
ASV3302,3,6,1
ASV3303,3,6,1
ASV3304,3,6,1
ASV3305,3,6,1
ASV3306,3,6,1
ASV3307,3,6,1
ASV3309,3,6,1
ASV3310,3,6,1
ASV3311,3,6,1
ASV3312,3,6,1
ASV3313,3,6,1
ASV3314,3,6,1
ASV3315,3,6,1
ASV3316,3,6,1
ASV3317,3,6,1
ASV3320,3,6,1
ASV3321,3,6,1
ASV3322,3,6,1
ASV3323,3,6,1
ASV3324,3,6,1
ASV3326,3,6,1
ASV3327,3,6,1
ASV3329,3,6,1
ASV3330,3,6,1
ASV3331,3,6,13
ASV3334,3,6,1
ASV3336,3,6,1
ASV3337,3,6,1
ASV3338,3,6,1
ASV3342,3,6,1
ASV3344,3,6,1
ASV3345,3,6,1
ASV3346,3,6,1
ASV3347,3,6,1
ASV3348,3,6,1
ASV3349,3,6,1
ASV3351,3,6,1
ASV3352,3,6,1
ASV3353,3,6,1
ASV3354,3,6,1
ASV3355,3,6,1
ASV3358,3,6,1
ASV3360,3,6,1
ASV3361,3,6,1
ASV3362,3,6,1
ASV3363,3,6,1
ASV3364,3,6,1
ASV3366,3,6,1
ASV3367,3,6,13
ASV3368,3,6,1
ASV3370,3,6,1
ASV3372,3,6,1
ASV3373,3,6,1
ASV3375,3,6,1
ASV3376,3,6,1
ASV3377,3,6,1
ASV3378,3,6,1
ASV3379,3,6,1
ASV3380,3,6,1
ASV3382,3,6,1
ASV3383,3,6,1
ASV3384,3,6,1
ASV3387,3,6,1
ASV3388,3,6,1
ASV3389,3,6,1
ASV3390,3,6,1
ASV3393,3,6,1
ASV3395,3,6,1
ASV3396,3,6,1
ASV3397,3,6,1
ASV3398,3,6,1
ASV3400,3,6,1
ASV3401,3,6,1
ASV3406,3,6,1
ASV3408,3,6,1
ASV3410,3,6,1
ASV3411,12,6,11
ASV3412,3,6,1
ASV3416,3,6,1
ASV3418,3,6,1
ASV3420,3,6,1
ASV3421,3,6,1
ASV3422,3,6,1
ASV3423,3,6,1
ASV3425,3,6,1
ASV3426,3,6,1
ASV3429,3,6,1
ASV3430,3,6,1
ASV3431,3,6,1
ASV3432,3,6,1
ASV3433,3,6,1
ASV3435,3,6,1
ASV3436,3,6,1
ASV3437,3,6,1
ASV3438,3,6,1
ASV3439,3,6,1
ASV3441,3,6,1
ASV3443,3,6,1
ASV3444,3,6,1
ASV3445,3,6,1
ASV3447,3,6,1
ASV3448,3,6,1
ASV3449,3,6,1
ASV3451,3,6,1
ASV3452,3,6,1
ASV3454,3,6,1
ASV3455,3,6,1
ASV3456,3,6,1
ASV3457,3,6,1
ASV3458,3,6,1
ASV3463,3,6,1
ASV3464,3,6,1
ASV3465,3,6,1
ASV3466,3,6,1
ASV3467,3,6,1
ASV3468,3,6,1
ASV3469,3,6,1
ASV3470,3,6,1
ASV3471,3,6,1
ASV3472,3,6,1
ASV3474,3,6,1
ASV3478,3,6,1
ASV3479,3,6,1
ASV3480,3,6,1
ASV3481,3,6,1
ASV3482,3,6,1
ASV3483,3,6,1
ASV3484,3,6,1
ASV3487,3,6,1
ASV3488,3,6,1
ASV3492,3,6,1
ASV3494,3,6,1
ASV3495,3,6,1
ASV3496,3,6,1
ASV3497,3,6,1
ASV3498,3,6,1
ASV3499,3,6,1
ASV3502,3,6,1
ASV3503,3,6,1
ASV3505,3,6,1
ASV3507,3,6,1
ASV3508,3,6,1
ASV3509,3,6,1
ASV3510,3,6,1
ASV3511,3,6,1
ASV3512,3,6,1
ASV3514,3,6,1
ASV3516,3,6,1
ASV3517,3,6,1
ASV3518,3,6,1
ASV3519,3,6,1
ASV3520,3,6,1
ASV3521,3,6,1
ASV3522,3,6,1
ASV3523,3,6,1
ASV3524,3,6,1
ASV3525,3,6,1
ASV3529,3,6,1
ASV3532,3,6,1
ASV3533,3,6,1
ASV3534,3,6,1
ASV3536,3,6,1
ASV3541,3,6,1
ASV3542,3,6,1
ASV3543,3,6,1
ASV3544,3,6,1
ASV3545,3,6,1
ASV3548,3,6,1
ASV3549,3,6,1
ASV3550,3,6,1
ASV3551,3,6,1
ASV3553,3,6,1
ASV3555,3,6,1
ASV3556,3,6,1
ASV3558,3,6,1
ASV3562,3,6,1
ASV3563,3,6,1
ASV3570,3,6,1
ASV3571,3,6,1
ASV3574,3,6,1
ASV3575,3,6,1
ASV3576,3,6,1
ASV3577,3,6,1
ASV3579,3,6,13
ASV3580,3,6,1
ASV3581,3,6,1
ASV3582,3,6,1
ASV3583,3,6,1
ASV3584,3,6,1
ASV3589,3,6,1
ASV3590,3,6,1
ASV3592,3,6,1
ASV3593,3,6,1
ASV3595,3,6,1
ASV3596,3,6,1
ASV3597,3,6,1
ASV3599,3,6,1
ASV3600,3,6,1
ASV3601,3,6,1
ASV3602,3,6,1
ASV3606,3,6,1
ASV3607,3,6,1
ASV3608,3,6,1
ASV3609,3,6,1
ASV3611,3,6,1
ASV3613,3,6,1
ASV3614,3,6,1
ASV3615,3,6,1
ASV3616,3,6,1
ASV3619,3,6,1
ASV3620,3,6,1
ASV3621,3,6,1
ASV3622,3,6,1
ASV3623,3,6,1
ASV3624,3,6,1
ASV3625,3,6,1
ASV3626,3,6,1
ASV3627,3,6,1
ASV3629,3,6,1
ASV3633,3,6,1
ASV3634,3,6,1
ASV3640,3,6,1
ASV3641,3,6,1
ASV3642,3,6,1
ASV3643,3,6,1
ASV3644,3,6,1
ASV3645,3,6,1
ASV3651,3,6,1
ASV3654,3,6,1
ASV3656,3,6,1
ASV3658,3,6,1
ASV3659,3,6,1
ASV3661,3,6,1
ASV3665,3,6,1
ASV3666,3,6,1
ASV3668,3,6,1
ASV3669,3,6,1
ASV3671,3,6,1
ASV3672,3,6,1
ASV3673,3,6,1
ASV3677,3,6,1
ASV3679,3,6,1
ASV3680,3,6,1
ASV3685,3,6,1
ASV3686,3,6,13
ASV3689,3,6,1
ASV3691,3,6,1
ASV3694,3,6,1
ASV3695,3,6,1
ASV3696,3,6,1
ASV3697,3,6,1
ASV3698,3,6,1
ASV3699,3,6,1
ASV3701,3,6,1
ASV3702,3,6,1
ASV3703,3,6,1
ASV3704,3,6,1
ASV3707,3,6,1
ASV3709,3,6,1
ASV3711,3,6,1
ASV3712,3,6,1
ASV3714,3,6,1
ASV3715,3,6,1
ASV3718,3,6,1
ASV3720,3,6,1
ASV3722,3,6,1
ASV3723,3,6,1
ASV3724,3,6,1
ASV3726,3,6,1
ASV3727,3,6,1
ASV3728,3,6,1
ASV3729,3,6,1
ASV3730,3,6,1
ASV3731,3,6,1
ASV3737,3,6,1
ASV3738,3,6,1
ASV3740,3,6,1
ASV3741,3,6,1
ASV3744,3,6,1
ASV3746,3,6,1
ASV3747,3,6,1
ASV3748,3,6,1
ASV3751,3,6,1
ASV3752,3,6,1
ASV3754,3,6,1
ASV3755,3,6,1
ASV3756,3,6,1
ASV3761,3,6,1
ASV3762,3,6,1
ASV3765,3,6,1
ASV3766,3,6,1
ASV3768,3,6,1
ASV3770,3,6,1
ASV3771,3,6,1
ASV3772,3,6,1
ASV3775,3,6,1
ASV3777,3,6,1
ASV3780,3,6,1
ASV3781,3,6,1
ASV3782,3,6,1
ASV3784,3,6,1
ASV3785,3,6,1
ASV3786,3,6,1
ASV3788,3,6,1
ASV3790,3,6,1
ASV3791,3,6,1
ASV3794,3,6,1
ASV3795,3,6,1
ASV3799,3,6,1
ASV3804,3,6,1
ASV3805,3,6,1
ASV3807,3,6,1
ASV3808,3,6,1
ASV3809,3,6,1
ASV3810,3,6,1
ASV3811,3,6,1
ASV3813,3,6,1
ASV3814,3,6,1
ASV3815,3,6,1
ASV3816,3,6,1
ASV3817,3,6,1
ASV3818,3,6,1
ASV3819,3,6,1
ASV3821,3,6,1
ASV3822,3,6,1
ASV3823,3,6,1
ASV3824,3,6,1
ASV3825,3,6,1
ASV3826,3,6,1
ASV3828,3,6,1
ASV3831,3,6,1
ASV3832,3,6,1
ASV3835,3,6,1
ASV3836,3,6,1
ASV3837,3,6,1
ASV3838,3,6,1
ASV3842,3,6,1
ASV3844,3,6,1
ASV3845,3,6,1
ASV3846,3,6,1
ASV3848,3,6,1
ASV3849,3,6,1
ASV3851,3,6,1
ASV3852,3,6,1
ASV3853,3,6,1
ASV3854,3,6,1
ASV3855,3,6,1
ASV3856,3,6,1
ASV3857,3,6,1
ASV3860,3,6,1
ASV3861,3,6,1
ASV3862,3,6,1
ASV3863,3,6,1
ASV3864,3,6,1
ASV3865,3,6,1
ASV3866,3,6,1
ASV3867,3,6,1
ASV3868,3,6,1
ASV3869,3,6,1
ASV3871,3,6,1
ASV3872,3,6,1
ASV3874,3,6,1
ASV3875,3,6,1
ASV3876,3,6,1
ASV3877,3,6,1
ASV3879,3,6,1
ASV3880,3,6,13
ASV3883,3,6,1
ASV3885,3,6,1
ASV3891,3,6,1
ASV3892,3,6,1
ASV3893,3,6,1
ASV3894,3,6,1
ASV3896,3,6,1
ASV3897,3,6,1
ASV3899,3,6,1
ASV3901,3,6,1
ASV3903,3,6,1
ASV3904,3,6,1
ASV3907,3,6,1
ASV3908,3,6,1
ASV3912,3,6,1
ASV3914,3,6,1
ASV3915,3,6,1
ASV3917,3,6,1
ASV3918,3,6,1
ASV3919,3,6,1
ASV3920,3,6,1
ASV3922,3,6,1
ASV3923,3,6,1
ASV3924,3,6,1
ASV3925,3,6,1
ASV3926,3,6,1
ASV3930,3,6,1
ASV3931,3,6,1
ASV3932,3,6,1
ASV3937,3,6,1
ASV3940,3,6,1
ASV3942,3,6,1
ASV3943,3,6,1
ASV3944,3,6,1
ASV3946,3,6,1
ASV3947,3,6,1
ASV3948,3,6,1
ASV3951,3,6,1
ASV3954,3,6,1
ASV3957,3,6,1
ASV3958,3,6,1
ASV3960,3,6,1
ASV3963,3,6,1
ASV3965,3,6,1
ASV3966,3,6,1
ASV3969,3,6,13
ASV3972,3,6,1
ASV3973,3,6,1
ASV3976,3,6,1
ASV3978,3,6,1
ASV3981,3,6,1
ASV3982,3,6,1
ASV3983,3,6,1
ASV3985,3,6,1
ASV3986,3,6,1
ASV3990,3,6,1
ASV3992,3,6,1
ASV3993,3,6,1
ASV3994,3,6,1
ASV3997,3,6,1
ASV3998,3,6,1
ASV4000,3,6,1
ASV4003,3,6,1
ASV4006,3,6,1
ASV4007,3,6,1
ASV4008,3,6,1
ASV4009,3,6,1
ASV4010,3,6,1
ASV4011,3,6,1
ASV4012,3,6,1
ASV4013,3,6,1
ASV4017,3,6,1
ASV4018,3,6,1
ASV4021,3,6,1
ASV4023,3,6,1
ASV4025,3,6,1
ASV4027,3,6,1
ASV4029,3,6,1
ASV4030,3,6,1
ASV4031,3,6,1
ASV4033,3,6,1
ASV4034,3,6,1
ASV4037,3,6,1
ASV4038,3,6,1
ASV4039,3,6,1
ASV4040,3,6,1
ASV4042,3,6,1
ASV4044,3,6,1
ASV4046,3,6,1
ASV4047,3,6,1
ASV4048,3,6,1
ASV4049,3,6,1
ASV4050,3,6,13
ASV4053,3,6,1
ASV4054,3,6,1
ASV4055,3,6,1
ASV4058,3,6,1
ASV4059,3,6,1
ASV4060,3,6,1
ASV4064,3,6,1
ASV4065,3,6,1
ASV4066,3,6,1
ASV4076,3,6,1
ASV4077,3,6,1
ASV4078,3,6,1
ASV4079,3,6,1
ASV4080,3,6,1
ASV4081,3,6,1
ASV4082,3,6,1
ASV4091,3,6,1
ASV4093,3,6,1
ASV4094,3,6,1
ASV4095,3,6,1
ASV4096,3,6,1
ASV4099,3,6,1
ASV4100,3,6,1
ASV4102,3,6,1
ASV4104,3,6,1
ASV4105,3,6,1
ASV4107,3,6,1
ASV4110,3,6,1
ASV4115,3,6,1
ASV4116,3,6,1
ASV4117,3,6,1
ASV4119,3,6,1
ASV4121,3,6,1
ASV4123,3,6,1
ASV4124,3,6,1
ASV4129,3,6,1
ASV4130,3,6,1
ASV4132,3,6,1
ASV4135,3,6,1
ASV4136,3,6,1
ASV4137,3,6,1
ASV4138,3,6,1
ASV4139,3,6,1
ASV4141,3,6,1
ASV4142,3,6,1
ASV4144,3,6,1
ASV4145,3,6,1
ASV4146,3,6,1
ASV4149,3,6,1
ASV4150,3,6,1
ASV4151,3,6,1
ASV4152,3,6,1
ASV4157,3,6,1
ASV4159,3,6,1
ASV4160,3,6,1
ASV4162,3,6,1
ASV4163,3,6,1
ASV4168,3,6,1
ASV4169,3,6,1
ASV4171,3,6,1
ASV4174,3,6,1
ASV4175,3,6,1
ASV4177,3,6,1
ASV4179,3,6,1
ASV4180,3,6,1
ASV4182,3,6,1
ASV4184,3,6,1
ASV4185,3,6,1
ASV4189,3,6,1
ASV4190,3,6,1
ASV4191,3,6,1
ASV4192,3,6,1
ASV4195,3,6,1
ASV4197,3,6,1
ASV4199,3,6,1
ASV4201,3,6,1
ASV4203,3,6,1
ASV4205,3,6,1
ASV4207,3,6,1
ASV4209,3,6,1
ASV4210,3,6,1
ASV4214,3,6,1
ASV4215,3,6,1
ASV4216,3,6,1
ASV4217,3,6,1
ASV4223,3,6,1
ASV4225,3,6,1
ASV4227,3,6,1
ASV4229,3,6,1
ASV4230,3,6,1
ASV4232,3,6,1
ASV4233,3,6,1
ASV4235,3,6,1
ASV4236,3,6,1
ASV4237,3,6,1
ASV4238,3,6,1
ASV4239,3,6,1
ASV4240,3,6,1
ASV4243,3,6,1
ASV4244,3,6,1
ASV4245,3,6,1
ASV4246,3,6,1
ASV4247,3,6,1
ASV4248,3,6,1
ASV4249,3,6,1
ASV4252,3,6,1
ASV4253,3,6,1
ASV4254,3,6,1
ASV4257,3,6,1
ASV4259,3,6,1
ASV4260,3,6,1
ASV4261,3,6,1
ASV4264,3,6,1
ASV4267,3,6,1
ASV4268,3,6,1
ASV4273,3,6,1
ASV4275,3,6,1
ASV4277,3,6,1
ASV4279,3,6,1
ASV4280,3,6,1
ASV4281,3,6,1
ASV4282,3,6,1
ASV4284,3,6,1
ASV4285,3,6,1
ASV4291,3,6,1
ASV4293,3,6,1
ASV4294,3,6,1
ASV4297,3,6,1
ASV4301,3,6,1
ASV4302,3,6,1
ASV4303,3,6,1
ASV4313,3,6,1
ASV4315,3,6,1
ASV4317,3,6,1
ASV4319,3,6,1
ASV4322,3,6,1
ASV4326,3,6,1
ASV4327,3,6,1
ASV4328,3,6,1
ASV4330,3,6,1
ASV4331,3,6,1
ASV4332,3,6,1
ASV4333,3,6,1
ASV4334,3,6,1
ASV4335,3,6,1
ASV4338,3,6,1
ASV4340,3,6,1
ASV4341,3,6,1
ASV4347,3,6,1
ASV4349,3,6,1
ASV4352,3,6,1
ASV4353,3,6,1
ASV4354,3,6,1
ASV4355,3,6,1
ASV4356,3,6,1
ASV4358,3,6,1
ASV4361,3,6,1
ASV4362,3,6,1
ASV4363,3,6,1
ASV4364,3,6,1
ASV4367,3,6,1
ASV4368,3,6,1
ASV4369,3,6,1
ASV4370,3,6,1
ASV4375,3,6,1
ASV4383,3,6,1
ASV4384,3,6,1
ASV4385,3,6,1
ASV4387,3,6,1
ASV4392,3,6,1
ASV4394,3,6,1
ASV4395,3,6,1
ASV4398,3,6,1
ASV4401,3,6,1
ASV4403,3,6,1
ASV4404,3,6,1
ASV4406,3,6,1
ASV4407,3,6,1
ASV4408,3,6,1
ASV4409,3,6,1
ASV4410,3,6,1
ASV4411,3,6,1
ASV4415,3,6,1
ASV4419,3,6,1
ASV4420,3,6,1
ASV4422,3,6,1
ASV4424,3,6,1
ASV4425,3,6,1
ASV4426,3,6,1
ASV4427,3,6,1
ASV4431,3,6,1
ASV4439,3,6,1
ASV4440,3,6,1
ASV4441,3,6,1
ASV4442,3,6,1
ASV4444,3,6,1
ASV4445,3,6,1
ASV4447,3,6,1
ASV4449,3,6,1
ASV4451,3,6,1
ASV4452,3,6,1
ASV4454,3,6,1
ASV4455,3,6,1
ASV4457,3,6,1
ASV4458,3,6,1
ASV4459,3,6,1
ASV4460,3,6,1
ASV4464,3,6,1
ASV4465,3,6,1
ASV4466,3,6,1
ASV4467,3,6,1
ASV4469,3,6,1
ASV4470,3,6,1
ASV4471,3,6,1
ASV4472,3,6,1
ASV4474,3,6,1
ASV4476,3,6,1
ASV4477,3,6,1
ASV4478,3,6,1
ASV4479,3,6,1
ASV4481,3,6,1
ASV4485,3,6,1
ASV4487,3,6,1
ASV4488,3,6,1
ASV4490,3,6,1
ASV4494,3,6,1
ASV4496,3,6,1
ASV4497,3,6,1
ASV4499,3,6,1
ASV4500,3,6,1
ASV4501,3,6,1
ASV4508,3,6,1
ASV4511,3,6,1
ASV4513,3,6,1
ASV4517,3,6,1
ASV4518,3,6,1
ASV4521,3,6,1
ASV4522,3,6,1
ASV4523,3,6,1
ASV4524,3,6,1
ASV4527,3,6,1
ASV4528,3,6,1
ASV4529,3,6,1
ASV4532,3,6,1
ASV4535,3,6,1
ASV4536,3,6,1
ASV4537,3,6,1
ASV4541,3,6,1
ASV4543,3,6,1
ASV4544,3,6,1
ASV4545,3,6,1
ASV4546,3,6,1
ASV4549,3,6,1
ASV4554,3,6,1
ASV4555,3,6,1
ASV4557,3,6,1
ASV4558,3,6,1
ASV4559,3,6,1
ASV4560,3,6,1
ASV4562,3,6,1
ASV4564,3,6,1
ASV4567,3,6,1
ASV4568,3,6,1
ASV4569,3,6,1
ASV4571,3,6,1
ASV4572,3,6,1
ASV4574,3,6,1
ASV4576,3,6,1
ASV4577,3,6,1
ASV4578,3,6,1
ASV4580,3,6,1
ASV4582,3,6,1
ASV4584,3,6,1
ASV4585,3,6,1
ASV4587,3,6,1
ASV4588,3,6,1
ASV4591,3,6,1
ASV4597,3,6,1
ASV4598,3,6,1
ASV4600,3,6,1
ASV4602,3,6,1
ASV4604,3,6,1
ASV4606,3,6,1
ASV4607,3,6,1
ASV4608,3,6,1
ASV4609,3,6,1
ASV4610,3,6,1
ASV4614,3,6,1
ASV4615,3,6,1
ASV4619,3,6,1
ASV4620,3,6,1
ASV4623,3,6,1
ASV4626,3,6,1
ASV4633,3,6,1
ASV4635,3,6,1
ASV4638,3,6,1
ASV4642,3,6,1
ASV4643,3,6,1
ASV4646,3,6,1
ASV4649,3,6,1
ASV4652,3,6,1
ASV4653,3,6,1
ASV4654,3,6,1
ASV4658,3,6,1
ASV4659,3,6,1
ASV4661,3,6,1
ASV4662,3,6,1
ASV4663,3,6,1
ASV4664,3,6,1
ASV4665,3,6,1
ASV4667,3,6,1
ASV4668,3,6,1
ASV4669,3,6,1
ASV4672,3,6,1
ASV4673,3,6,1
ASV4674,3,6,1
ASV4676,3,6,1
ASV4682,3,6,1
ASV4686,3,6,1
ASV4688,3,6,1
ASV4693,3,6,1
ASV4696,3,6,1
ASV4697,3,6,1
ASV4700,3,6,1
ASV4702,3,6,1
ASV4707,3,6,1
ASV4710,3,6,1
ASV4717,3,6,1
ASV4718,3,6,1
ASV4719,3,6,1
ASV4720,3,6,1
ASV4722,3,6,1
ASV4726,3,6,1
ASV4727,3,6,1
ASV4728,3,6,1
ASV4729,3,6,1
ASV4730,3,6,1
ASV4733,3,6,1
ASV4735,3,6,1
ASV4737,3,6,1
ASV4738,3,6,1
ASV4740,3,6,1
ASV4742,3,6,1
ASV4744,3,6,1
ASV4745,3,6,1
ASV4746,3,6,1
ASV4747,3,6,1
ASV4749,3,6,1
ASV4751,3,6,1
ASV4752,3,6,1
ASV4754,3,6,1
ASV4757,3,6,1
ASV4761,3,6,1
ASV4762,3,6,1
ASV4765,3,6,1
ASV4769,3,6,1
ASV4770,3,6,1
ASV4778,3,6,1
ASV4780,3,6,1
ASV4783,3,6,1
ASV4786,3,6,1
ASV4787,3,6,1
ASV4789,3,6,1
ASV4790,3,6,1
ASV4791,3,6,1
ASV4792,3,6,1
ASV4793,3,6,1
ASV4794,3,6,1
ASV4796,3,6,1
ASV4797,3,6,1
ASV4805,3,6,1
ASV4806,3,6,1
ASV4808,3,6,1
ASV4809,3,6,1
ASV4810,3,6,1
ASV4813,3,6,1
ASV4814,3,6,1
ASV4816,3,6,1
ASV4817,3,6,1
ASV4821,3,6,1
ASV4825,3,6,1
ASV4829,3,6,1
ASV4830,3,6,1
ASV4836,3,6,1
ASV4839,3,6,1
ASV4841,3,6,1
ASV4842,3,6,1
ASV4843,3,6,1
ASV4844,3,6,1
ASV4845,3,6,1
ASV4846,3,6,1
ASV4847,3,6,1
ASV4850,3,6,1
ASV4855,3,6,1
ASV4860,3,6,1
ASV4861,3,6,1
ASV4862,3,6,1
ASV4864,3,6,1
ASV4865,3,6,1
ASV4866,3,6,1
ASV4867,3,6,1
ASV4868,3,6,1
ASV4870,3,6,1
ASV4871,3,6,1
ASV4872,3,6,1
ASV4876,3,6,1
ASV4877,3,6,1
ASV4878,3,6,1
ASV4881,3,6,1
ASV4883,3,6,1
ASV4884,3,6,1
ASV4887,3,6,1
ASV4890,3,6,1
ASV4892,3,6,1
ASV4894,3,6,1
ASV4895,3,6,1
ASV4896,3,6,1
ASV4899,3,6,1
ASV4901,3,6,1
ASV4902,3,6,1
ASV4903,3,6,1
ASV4904,3,6,1
ASV4905,3,6,1
ASV4907,3,6,1
ASV4910,3,6,1
ASV4911,3,6,1
ASV4913,3,6,1
ASV4916,3,6,1
ASV4918,3,6,1
ASV4920,3,6,1
ASV4921,3,6,1
ASV4923,3,6,1
ASV4924,3,6,1
ASV4925,3,6,1
ASV4926,3,6,1
ASV4927,3,6,1
ASV4928,3,6,1
ASV4929,3,6,1
ASV4933,3,6,13
ASV4935,3,6,1
ASV4938,3,6,1
ASV4939,3,6,1
ASV4941,3,6,13
ASV4942,3,6,1
ASV4944,3,6,1
ASV4945,3,6,1
ASV4946,3,6,1
ASV4947,3,6,1
ASV4949,3,6,1
ASV4950,3,6,1
ASV4952,3,6,1
ASV4953,3,6,1
ASV4954,3,6,1
ASV4959,3,6,1
ASV4960,3,6,1
ASV4961,3,6,1
ASV4962,3,6,1
ASV4965,3,6,1
ASV4968,3,6,1
ASV4971,3,6,1
ASV4972,3,6,1
ASV4975,3,6,1
ASV4976,3,6,1
ASV4977,3,6,1
ASV4978,3,6,1
ASV4979,3,6,1
ASV4981,3,6,1
ASV4982,3,6,1
ASV4985,3,6,1
ASV4988,3,6,1
ASV4989,3,6,1
ASV4990,3,6,1
ASV4992,3,6,1
ASV4994,3,6,1
ASV4995,3,6,1
ASV4996,3,6,1
ASV4997,3,6,1
ASV4998,3,6,1
ASV5001,3,6,1
ASV5004,3,6,1
ASV5007,3,6,1
ASV5011,3,6,1
ASV5012,3,6,1
ASV5013,3,6,1
ASV5015,3,6,1
ASV5016,3,6,1
ASV5017,3,6,1
ASV5018,3,6,1
ASV5019,3,6,1
ASV5020,3,6,1
ASV5021,3,6,1
ASV5022,3,6,1
ASV5027,3,6,1
ASV5029,3,6,1
ASV5030,3,6,1
ASV5033,3,6,1
ASV5035,3,6,1
ASV5036,3,6,1
ASV5038,3,6,1
ASV5040,3,6,1
ASV5043,3,6,1
ASV5048,3,6,1
ASV5049,3,6,1
ASV5050,3,6,1
ASV5051,3,6,1
ASV5052,3,6,1
ASV5055,3,6,1
ASV5057,3,6,1
ASV5058,3,6,1
ASV5059,3,6,1
ASV5060,3,6,1
ASV5061,3,6,1
ASV5063,3,6,1
ASV5064,3,6,1
ASV5067,3,6,1
ASV5069,3,6,1
ASV5084,3,6,1
ASV5086,3,6,1
ASV5088,3,6,1
ASV5089,3,6,1
ASV5091,3,6,1
ASV5092,3,6,1
ASV5093,3,6,1
ASV5095,3,6,1
ASV5098,3,6,1
ASV5099,3,6,1
ASV5101,3,6,1
ASV5102,3,6,1
ASV5105,3,6,1
ASV5106,3,6,1
ASV5111,3,6,1
ASV5112,3,6,1
ASV5113,3,6,1
ASV5115,3,6,1
ASV5116,3,6,1
ASV5123,3,6,1
ASV5126,3,6,1
ASV5128,3,6,1
ASV5131,3,6,1
ASV5139,3,6,1
ASV5140,3,6,1
ASV5143,3,6,1
ASV5144,3,6,1
ASV5145,3,6,1
ASV5146,3,6,13
ASV5149,3,6,1
ASV5151,3,6,1
ASV5152,3,6,1
ASV5153,3,6,1
ASV5156,3,6,1
ASV5158,3,6,1
ASV5159,3,6,1
ASV5160,3,6,1
ASV5161,3,6,1
ASV5163,3,6,1
ASV5164,3,6,1
ASV5165,3,6,1
ASV5168,3,6,1
ASV5169,3,6,1
ASV5172,3,6,1
ASV5173,3,6,1
ASV5174,3,6,1
ASV5180,3,6,1
ASV5182,3,6,1
ASV5184,3,6,1
ASV5185,3,6,1
ASV5186,3,6,1
ASV5187,3,6,1
ASV5191,3,6,1
ASV5192,3,6,1
ASV5194,3,6,1
ASV5195,3,6,1
ASV5197,3,6,1
ASV5201,3,6,1
ASV5204,3,6,1
ASV5205,3,6,1
ASV5206,3,6,1
ASV5207,3,6,1
ASV5208,3,6,1
ASV5211,3,6,1
ASV5214,3,6,1
ASV5220,3,6,1
ASV5222,3,6,1
ASV5224,3,6,1
ASV5225,3,6,1
ASV5227,3,6,13
ASV5229,3,6,1
ASV5230,3,6,1
ASV5231,3,6,1
ASV5232,3,6,1
ASV5238,3,6,1
ASV5241,3,6,1
ASV5243,3,6,1
ASV5249,3,6,1
ASV5252,3,6,1
ASV5256,3,6,1
ASV5260,3,6,1
ASV5261,3,6,1
ASV5262,3,6,1
ASV5264,3,6,1
ASV5266,3,6,1
ASV5267,3,6,1
ASV5269,3,6,1
ASV5274,3,6,1
ASV5276,3,6,1
ASV5277,3,6,1
ASV5279,3,6,1
ASV5283,3,6,1
ASV5287,3,6,1
ASV5288,3,6,1
ASV5289,3,6,1
ASV5290,3,6,1
ASV5291,3,6,1
ASV5295,3,6,1
ASV5296,3,6,1
ASV5297,3,6,1
ASV5300,3,6,1
ASV5302,3,6,1
ASV5304,3,6,1
ASV5308,3,6,1
ASV5310,3,6,1
ASV5311,3,6,1
ASV5312,3,6,1
ASV5314,3,6,1
ASV5316,3,6,1
ASV5318,3,6,1
ASV5319,3,6,1
ASV5322,3,6,1
ASV5323,3,6,1
ASV5324,3,6,1
ASV5325,3,6,1
ASV5326,3,6,1
ASV5330,3,6,1
ASV5331,3,6,1
ASV5332,3,6,1
ASV5333,3,6,1
ASV5335,3,6,1
ASV5336,3,6,1
ASV5341,3,6,1
ASV5343,3,6,1
ASV5345,3,6,1
ASV5346,3,6,1
ASV5347,3,6,1
ASV5349,3,6,1
ASV5354,3,6,1
ASV5356,3,6,1
ASV5357,3,6,1
ASV5358,3,6,1
ASV5361,3,6,1
ASV5364,3,6,1
ASV5365,3,6,1
ASV5367,3,6,1
ASV5372,3,6,1
ASV5374,3,6,1
ASV5375,3,6,1
ASV5378,3,6,1
ASV5379,3,6,1
ASV5385,3,6,1
ASV5388,3,6,1
ASV5389,3,6,1
ASV5394,3,6,1
ASV5399,3,6,1
ASV5400,3,6,1
ASV5401,3,6,1
ASV5403,3,6,1
ASV5404,3,6,1
ASV5405,3,6,1
ASV5409,3,6,1
ASV5410,3,6,1
ASV5412,3,6,1
ASV5413,3,6,1
ASV5414,3,6,1
ASV5419,3,6,1
ASV5422,3,6,1
ASV5427,3,6,1
ASV5435,3,6,1
ASV5436,3,6,1
ASV5437,3,6,1
ASV5440,3,6,1
ASV5441,3,6,1
ASV5444,3,6,1
ASV5450,3,6,1
ASV5453,3,6,1
ASV5456,3,6,1
ASV5457,3,6,1
ASV5458,3,6,1
ASV5461,3,6,1
ASV5464,3,6,1
ASV5466,3,6,1
ASV5473,3,6,1
ASV5474,3,6,1
ASV5480,3,6,1
ASV5481,3,6,1
ASV5486,3,6,1
ASV5490,3,6,1
ASV5491,3,6,1
ASV5492,3,6,1
ASV5497,3,6,1
ASV5499,3,6,1
ASV5501,3,6,1
ASV5503,3,6,1
ASV5504,3,6,1
ASV5505,3,6,1
ASV5506,3,6,1
ASV5507,3,6,1
ASV5508,3,6,1
ASV5511,3,6,1
ASV5512,3,6,1
ASV5513,3,6,1
ASV5520,3,6,1
ASV5524,3,6,1
ASV5529,3,6,1
ASV5530,3,6,1
ASV5532,3,6,1
ASV5534,3,6,1
ASV5536,3,6,1
ASV5537,3,6,1
ASV5542,3,6,1
ASV5547,3,6,1
ASV5550,3,6,1
ASV5554,3,6,1
ASV5557,3,6,1
ASV5560,3,6,1
ASV5562,3,6,1
ASV5563,3,6,1
ASV5564,3,6,1
ASV5566,3,6,1
ASV5567,3,6,1
ASV5568,3,6,1
ASV5571,3,6,1
ASV5578,3,6,1
ASV5581,3,6,1
ASV5582,3,6,1
ASV5586,3,6,1
ASV5591,3,6,1
ASV5592,3,6,1
ASV5594,3,6,1
ASV5595,3,6,1
ASV5597,3,6,1
ASV5598,3,6,1
ASV5600,3,6,1
ASV5605,3,6,1
ASV5606,3,6,1
ASV5611,3,6,1
ASV5614,3,6,1
ASV5618,3,6,1
ASV5619,3,6,1
ASV5620,3,6,1
ASV5622,3,6,1
ASV5624,3,6,1
ASV5628,3,6,1
ASV5631,3,6,1
ASV5632,3,6,1
ASV5633,3,6,1
ASV5634,3,6,1
ASV5635,3,6,1
ASV5638,3,6,1
ASV5640,3,6,1
ASV5641,3,6,1
ASV5642,3,6,13
ASV5643,3,6,1
ASV5644,3,6,1
ASV5652,3,6,1
ASV5654,3,6,1
ASV5661,3,6,1
ASV5665,3,6,1
ASV5666,3,6,1
ASV5672,3,6,1
ASV5673,3,6,1
ASV5677,3,6,1
ASV5681,3,6,1
ASV5682,3,6,1
ASV5685,3,6,1
ASV5687,3,6,1
ASV5688,3,6,1
ASV5690,3,6,1
ASV5692,3,6,1
ASV5693,3,6,1
ASV5695,3,6,1
ASV5697,3,6,1
ASV5700,3,6,1
ASV5708,3,6,1
ASV5709,3,6,1
ASV5710,3,6,1
ASV5711,3,6,1
ASV5715,3,6,1
ASV5717,3,6,1
ASV5724,3,6,1
ASV5725,3,6,1
ASV5726,3,6,1
ASV5727,3,6,13
ASV5732,3,6,1
ASV5734,3,6,1
ASV5736,3,6,1
ASV5737,3,6,1
ASV5743,3,6,1
ASV5746,3,6,1
ASV5747,3,6,1
ASV5748,3,6,1
ASV5749,3,6,1
ASV5750,3,6,1
ASV5752,3,6,1
ASV5753,3,6,1
ASV5755,3,6,1
ASV5758,3,6,1
ASV5759,3,6,1
ASV5763,3,6,1
ASV5764,3,6,1
ASV5765,3,6,1
ASV5768,3,6,1
ASV5772,3,6,1
ASV5778,3,6,1
ASV5781,3,6,1
ASV5784,3,6,1
ASV5786,3,6,1
ASV5787,3,6,1
ASV5788,3,6,1
ASV5789,3,6,1
ASV5790,3,6,1
ASV5793,3,6,1
ASV5795,3,6,1
ASV5800,3,6,1
ASV5802,3,6,1
ASV5803,3,6,1
ASV5804,3,6,1
ASV5805,3,6,1
ASV5807,3,6,1
ASV5809,3,6,1
ASV5811,3,6,1
ASV5813,3,6,1
ASV5818,3,6,1
ASV5820,3,6,1
ASV5824,3,6,1
ASV5825,3,6,1
ASV5826,3,6,1
ASV5828,3,6,1
ASV5832,3,6,1
ASV5833,3,6,1
ASV5834,3,6,1
ASV5835,3,6,1
ASV5837,3,6,1
ASV5838,3,6,1
ASV5841,3,6,1
ASV5843,3,6,1
ASV5845,3,6,1
ASV5846,3,6,1
ASV5850,3,6,1
ASV5851,3,6,1
ASV5853,3,6,1
ASV5856,3,6,1
ASV5857,3,6,1
ASV5859,3,6,1
ASV5860,3,6,13
ASV5861,3,6,1
ASV5863,3,6,1
ASV5864,3,6,1
ASV5867,3,6,1
ASV5868,3,6,1
ASV5870,3,6,1
ASV5871,3,6,1
ASV5876,3,6,1
ASV5881,3,6,1
ASV5884,3,6,1
ASV5889,3,6,1
ASV5892,3,6,1
ASV5895,3,6,1
ASV5898,3,6,1
ASV5901,3,6,1
ASV5906,3,6,1
ASV5908,3,6,1
ASV5909,3,6,1
ASV5910,3,6,1
ASV5911,3,6,1
ASV5918,3,6,1
ASV5919,3,6,1
ASV5920,3,6,1
ASV5921,3,6,1
ASV5922,3,6,1
ASV5923,3,6,1
ASV5924,3,6,1
ASV5927,3,6,1
ASV5929,3,6,1
ASV5933,3,6,1
ASV5939,3,6,1
ASV5941,3,6,1
ASV5943,3,6,1
ASV5944,3,6,1
ASV5946,3,6,1
ASV5947,3,6,1
ASV5948,3,6,1
ASV5949,3,6,1
ASV5951,3,6,1
ASV5954,3,6,1
ASV5957,3,6,1
ASV5958,3,6,1
ASV5959,3,6,1
ASV5963,3,6,1
ASV5965,3,6,1
ASV5967,3,6,1
ASV5975,3,6,1
ASV5976,3,6,1
ASV5979,3,6,1
ASV5987,3,6,1
ASV5990,3,6,1
ASV5994,3,6,1
ASV5995,3,6,1
ASV5998,3,6,1
ASV5999,3,6,1
ASV6003,3,6,1
ASV6007,3,6,1
ASV6008,3,6,1
ASV6013,3,6,1
ASV6015,3,6,1
ASV6017,3,6,1
ASV6019,3,6,1
ASV6021,3,6,1
ASV6023,3,6,1
ASV6026,3,6,1
ASV6028,3,6,1
ASV6030,3,6,1
ASV6034,3,6,1
ASV6035,3,6,1
ASV6039,3,6,1
ASV6040,3,6,1
ASV6043,3,6,1
ASV6045,3,6,1
ASV6046,3,6,1
ASV6047,3,6,1
ASV6048,3,6,1
ASV6049,3,6,1
ASV6051,3,6,1
ASV6056,3,6,1
ASV6057,3,6,1
ASV6058,3,6,13
ASV6059,3,6,1
ASV6060,3,6,1
ASV6061,3,6,1
ASV6067,3,6,1
ASV6069,3,6,1
ASV6070,3,6,1
ASV6071,3,6,1
ASV6074,3,6,1
ASV6075,3,6,1
ASV6076,3,6,1
ASV6078,3,6,1
ASV6088,3,6,1
ASV6090,3,6,1
ASV6091,3,6,1
ASV6095,3,6,1
ASV6096,3,6,1
ASV6099,3,6,1
ASV6100,3,6,1
ASV6102,3,6,1
ASV6105,3,6,1
ASV6106,3,6,1
ASV6107,3,6,1
ASV6110,3,6,1
ASV6117,3,6,1
ASV6118,3,6,1
ASV6119,3,6,1
ASV6120,3,6,1
ASV6121,3,6,1
ASV6122,3,6,1
ASV6128,3,6,1
ASV6133,3,6,1
ASV6134,3,6,1
ASV6135,3,6,1
ASV6138,3,6,1
ASV6139,3,6,1
ASV6144,3,6,1
ASV6145,3,6,1
ASV6148,3,6,1
ASV6149,3,6,1
ASV6151,3,6,1
ASV6154,3,6,1
ASV6155,3,6,1
ASV6166,3,6,1
ASV6167,3,6,1
ASV6170,3,6,1
ASV6171,3,6,1
ASV6172,3,6,1
ASV6174,3,6,1
ASV6175,3,6,1
ASV6181,3,6,1
ASV6183,3,6,1
ASV6186,3,6,1
ASV6188,3,6,1
ASV6190,3,6,1
ASV6192,3,6,1
ASV6193,3,6,1
ASV6196,3,6,1
ASV6198,3,6,1
ASV6199,3,6,1
ASV6200,3,6,1
ASV6201,3,6,1
ASV6202,3,6,1
ASV6204,3,6,1
ASV6207,3,6,1
ASV6209,3,6,1
ASV6210,3,6,1
ASV6214,3,6,1
ASV6216,3,6,1
ASV6219,3,6,1
ASV6223,3,6,1
ASV6225,3,6,1
ASV6231,3,6,1
ASV6232,3,6,1
ASV6235,3,6,1
ASV6236,3,6,1
ASV6237,3,6,1
ASV6240,3,6,1
ASV6242,3,6,1
ASV6245,3,6,1
ASV6250,3,6,1
ASV6255,3,6,1
ASV6256,3,6,1
ASV6258,3,6,1
ASV6259,3,6,1
ASV6260,3,6,1
ASV6264,3,6,1
ASV6265,3,6,1
ASV6267,3,6,1
ASV6268,3,6,1
ASV6273,3,6,1
ASV6277,3,6,1
ASV6283,3,6,1
ASV6284,3,6,1
ASV6285,3,6,1
ASV6286,3,6,1
ASV6288,3,6,1
ASV6291,3,6,1
ASV6293,3,6,1
ASV6294,3,6,1
ASV6295,3,6,1
ASV6296,3,6,1
ASV6297,3,6,1
ASV6299,3,6,1
ASV6300,3,6,1
ASV6301,3,6,1
ASV6302,3,6,1
ASV6304,3,6,1
ASV6305,3,6,1
ASV6306,3,6,1
ASV6308,3,6,1
ASV6317,3,6,1
ASV6320,3,6,1
ASV6324,3,6,1
ASV6325,3,6,1
ASV6328,3,6,1
ASV6329,3,6,1
ASV6332,3,6,1
ASV6333,3,6,1
ASV6334,3,6,1
ASV6337,3,6,1
ASV6343,3,6,1
ASV6350,3,6,1
ASV6352,3,6,1
ASV6360,3,6,1
ASV6363,3,6,1
ASV6364,3,6,1
ASV6366,3,6,1
ASV6375,3,6,1
ASV6378,3,6,1
ASV6379,3,6,1
ASV6383,3,6,1
ASV6385,3,6,1
ASV6388,3,6,1
ASV6389,3,6,1
ASV6391,3,6,1
ASV6392,3,6,1
ASV6393,3,6,1
ASV6395,3,6,1
ASV6397,3,6,1
ASV6403,3,6,1
ASV6404,3,6,1
ASV6408,3,6,1
ASV6410,3,6,1
ASV6417,3,6,1
ASV6421,3,6,1
ASV6422,3,6,1
ASV6429,3,6,1
ASV6431,3,6,1
ASV6436,3,6,1
ASV6438,3,6,1
ASV6442,3,6,1
ASV6444,3,6,1
ASV6448,3,6,1
ASV6449,3,6,1
ASV6451,3,6,13
ASV6455,3,6,1
ASV6457,3,6,1
ASV6461,3,6,1
ASV6465,3,6,1
ASV6467,3,6,1
ASV6469,3,6,1
ASV6474,3,6,1
ASV6477,3,6,1
ASV6479,3,6,1
ASV6485,3,6,1
ASV6487,3,6,1
ASV6488,3,6,1
ASV6491,3,6,1
ASV6496,3,6,1
ASV6501,3,6,1
ASV6502,3,6,1
ASV6503,3,6,1
ASV6507,3,6,1
ASV6509,3,6,1
ASV6513,3,6,1
ASV6515,3,6,1
ASV6516,3,6,1
ASV6518,3,6,1
ASV6522,3,6,1
ASV6523,3,6,1
ASV6525,3,6,1
ASV6527,3,6,1
ASV6530,3,6,1
ASV6531,3,6,1
ASV6533,3,6,1
ASV6534,3,6,1
ASV6535,3,6,1
ASV6540,3,6,1
ASV6542,3,6,1
ASV6548,3,6,1
ASV6549,3,6,1
ASV6550,3,6,1
ASV6552,3,6,1
ASV6555,3,6,1
ASV6560,3,6,1
ASV6562,3,6,1
ASV6567,3,6,1
ASV6568,3,6,1
ASV6569,3,6,1
ASV6570,3,6,1
ASV6580,3,6,1
ASV6583,3,6,1
ASV6584,3,6,1
ASV6585,3,6,1
ASV6587,3,6,1
ASV6591,3,6,1
ASV6596,3,6,1
ASV6597,3,6,1
ASV6600,3,6,1
ASV6601,3,6,1
ASV6603,3,6,1
ASV6604,3,6,1
ASV6607,3,6,1
ASV6608,3,6,1
ASV6610,3,6,1
ASV6613,3,6,1
ASV6614,3,6,1
ASV6615,3,6,1
ASV6622,3,6,1
ASV6627,3,6,1
ASV6631,3,6,1
ASV6633,3,6,1
ASV6634,3,6,1
ASV6635,3,6,1
ASV6636,3,6,1
ASV6640,3,6,1
ASV6644,3,6,1
ASV6645,3,6,1
ASV6647,3,6,1
ASV6649,3,6,1
ASV6655,3,6,1
ASV6657,3,6,1
ASV6659,3,6,1
ASV6661,3,6,1
ASV6668,3,6,1
ASV6670,3,6,1
ASV6673,3,6,1
ASV6674,3,6,1
ASV6676,3,6,1
ASV6677,3,6,1
ASV6679,3,6,1
ASV6682,3,6,1
ASV6684,3,6,1
ASV6686,3,6,1
ASV6687,3,6,1
ASV6688,3,6,1
ASV6693,3,6,1
ASV6694,3,6,1
ASV6699,3,6,1
ASV6700,3,6,13
ASV6701,3,6,1
ASV6705,3,6,1
ASV6708,3,6,1
ASV6711,3,6,1
ASV6714,3,6,1
ASV6716,3,6,1
ASV6717,3,6,1
ASV6721,3,6,1
ASV6723,3,6,1
ASV6726,3,6,1
ASV6727,3,6,1
ASV6728,3,6,1
ASV6734,3,6,1
ASV6735,3,6,1
ASV6737,3,6,1
ASV6742,3,6,1
ASV6746,3,6,1
ASV6751,3,6,1
ASV6752,3,6,1
ASV6753,3,6,1
ASV6754,3,6,1
ASV6756,3,6,1
ASV6757,3,6,1
ASV6758,3,6,1
ASV6760,3,6,1
ASV6761,3,6,1
ASV6764,3,6,1
ASV6770,3,6,13
ASV6771,3,6,1
ASV6775,3,6,1
ASV6776,3,6,1
ASV6777,3,6,1
ASV6778,3,6,1
ASV6779,3,6,1
ASV6781,3,6,1
ASV6785,3,6,1
ASV6786,3,6,1
ASV6789,3,6,1
ASV6794,3,6,1
ASV6795,3,6,1
ASV6799,3,6,1
ASV6804,3,6,1
ASV6806,3,6,1
ASV6809,3,6,1
ASV6810,3,6,1
ASV6811,3,6,1
ASV6814,3,6,1
ASV6817,3,6,1
ASV6819,3,6,1
ASV6820,3,6,1
ASV6821,3,6,1
ASV6822,3,6,1
ASV6823,3,6,1
ASV6824,3,6,1
ASV6826,3,6,1
ASV6827,3,6,1
ASV6829,3,6,1
ASV6835,3,6,1
ASV6838,3,6,1
ASV6850,3,6,1
ASV6854,3,6,1
ASV6859,3,6,1
ASV6862,3,6,1
ASV6863,3,6,1
ASV6868,3,6,1
ASV6872,3,6,1
ASV6875,3,6,1
ASV6878,3,6,1
ASV6879,3,6,1
ASV6880,3,6,1
ASV6883,3,6,1
ASV6885,3,6,1
ASV6888,3,6,1
ASV6896,3,6,1
ASV6898,3,6,13
ASV6900,3,6,1
ASV6902,3,6,1
ASV6904,3,6,1
ASV6905,3,6,1
ASV6908,3,6,1
ASV6911,3,6,1
ASV6912,3,6,1
ASV6913,3,6,1
ASV6914,3,6,1
ASV6917,3,6,1
ASV6918,3,6,1
ASV6920,3,6,1
ASV6922,3,6,1
ASV6929,3,6,1
ASV6930,3,6,1
ASV6932,3,6,13
ASV6933,3,6,1
ASV6936,3,6,1
ASV6937,3,6,1
ASV6938,3,6,1
ASV6939,3,6,1
ASV6941,3,6,1
ASV6942,3,6,1
ASV6944,3,6,1
ASV6945,3,6,1
ASV6947,3,6,1
ASV6948,3,6,1
ASV6950,3,6,1
ASV6951,3,6,1
ASV6953,3,6,1
ASV6954,3,6,1
ASV6955,3,6,1
ASV6957,3,6,1
ASV6958,3,6,1
ASV6960,3,6,1
ASV6963,3,6,1
ASV6966,3,6,1
ASV6969,3,6,1
ASV6971,3,6,1
ASV6973,3,6,1
ASV6977,3,6,1
ASV6978,3,6,1
ASV6979,3,6,1
ASV6984,3,6,1
ASV6986,3,6,1
ASV6987,3,6,1
ASV6989,3,6,1
ASV6990,3,6,1
ASV6993,3,6,1
ASV6995,3,6,1
ASV6998,3,6,1
ASV7000,3,6,1
ASV7001,3,6,1
ASV7018,3,6,1
ASV7019,3,6,1
ASV7023,3,6,1
ASV7030,3,6,1
ASV7031,3,6,1
ASV7032,3,6,1
ASV7034,3,6,1
ASV7035,3,6,1
ASV7037,3,6,1
ASV7041,3,6,1
ASV7044,3,6,1
ASV7045,3,6,1
ASV7051,3,6,1
ASV7053,3,6,1
ASV7055,3,6,1
ASV7058,3,6,1
ASV7059,3,6,1
ASV7063,3,6,1
ASV7067,3,6,1
ASV7072,3,6,1
ASV7080,3,6,1
ASV7081,3,6,1
ASV7084,3,6,1
ASV7087,3,6,1
ASV7089,3,6,1
ASV7094,3,6,1
ASV7095,3,6,1
ASV7097,3,6,1
ASV7098,3,6,1
ASV7099,3,6,1
ASV7102,3,6,1
ASV7103,3,6,1
ASV7104,3,6,1
ASV7106,3,6,1
ASV7112,3,6,1
ASV7113,3,6,1
ASV7117,3,6,1
ASV7120,3,6,1
ASV7121,3,6,1
ASV7123,3,6,1
ASV7124,3,6,1
ASV7127,3,6,1
ASV7129,3,6,1
ASV7131,3,6,1
ASV7132,3,6,1
ASV7141,3,6,1
ASV7144,3,6,1
ASV7145,3,6,1
ASV7148,3,6,1
ASV7149,3,6,1
ASV7150,3,6,1
ASV7154,3,6,1
ASV7155,3,6,1
ASV7171,3,6,1
ASV7174,3,6,1
ASV7182,3,6,1
ASV7187,3,6,1
ASV7188,3,6,1
ASV7192,3,6,1
ASV7194,3,6,1
ASV7199,3,6,1
ASV7202,3,6,1
ASV7210,3,6,1
ASV7211,3,6,1
ASV7212,3,6,1
ASV7215,3,6,1
ASV7219,3,6,1
ASV7220,3,6,1
ASV7227,3,6,1
ASV7234,3,6,1
ASV7235,3,6,1
ASV7236,3,6,1
ASV7241,3,6,1
ASV7243,3,6,1
ASV7245,3,6,1
ASV7246,3,6,1
ASV7247,3,6,1
ASV7249,3,6,1
ASV7250,3,6,1
ASV7251,3,6,1
ASV7252,3,6,1
ASV7255,3,6,1
ASV7256,3,6,1
ASV7258,3,6,1
ASV7259,3,6,1
ASV7261,3,6,1
ASV7264,3,6,1
ASV7271,3,6,1
ASV7272,3,6,1
ASV7280,3,6,1
ASV7281,3,6,1
ASV7282,3,6,1
ASV7286,3,6,1
ASV7292,3,6,1
ASV7295,3,6,1
ASV7296,3,6,13
ASV7303,3,6,1
ASV7308,3,6,1
ASV7309,3,6,1
ASV7310,3,6,1
ASV7311,3,6,1
ASV7313,3,6,1
ASV7321,3,6,1
ASV7322,3,6,1
ASV7323,3,6,1
ASV7326,3,6,1
ASV7327,3,6,1
ASV7329,3,6,1
ASV7330,3,6,1
ASV7333,3,6,1
ASV7337,3,6,1
ASV7343,3,6,1
ASV7345,3,6,1
ASV7355,3,6,1
ASV7357,3,6,1
ASV7358,3,6,1
ASV7361,3,6,1
ASV7365,3,6,1
ASV7368,3,6,1
ASV7371,3,6,1
ASV7374,3,6,1
ASV7375,3,6,1
ASV7376,3,6,1
ASV7380,3,6,1
ASV7382,3,6,1
ASV7387,3,6,1
ASV7388,3,6,1
ASV7392,3,6,1
ASV7398,3,6,1
ASV7402,3,6,1
ASV7403,3,6,1
ASV7411,3,6,1
ASV7413,3,6,1
ASV7414,3,6,1
ASV7415,3,6,1
ASV7420,3,6,1
ASV7422,3,6,1
ASV7424,3,6,1
ASV7426,3,6,1
ASV7427,3,6,1
ASV7432,3,6,13
ASV7434,3,6,1
ASV7439,3,6,1
ASV7443,3,6,1
ASV7447,3,6,1
ASV7448,3,6,1
ASV7451,3,6,1
ASV7453,3,6,13
ASV7454,3,6,1
ASV7463,3,6,1
ASV7468,3,6,1
ASV7469,3,6,1
ASV7470,3,6,1
ASV7471,3,6,1
ASV7473,3,6,1
ASV7474,3,6,1
ASV7475,3,6,1
ASV7476,3,6,1
ASV7480,3,6,1
ASV7481,3,6,1
ASV7485,3,6,1
ASV7488,3,6,1
ASV7489,3,6,1
ASV7492,3,6,1
ASV7493,3,6,1
ASV7495,3,6,1
ASV7501,3,6,1
ASV7506,3,6,1
ASV7507,3,6,1
ASV7511,3,6,1
ASV7512,3,6,1
ASV7513,3,6,1
ASV7515,3,6,1
ASV7517,3,6,1
ASV7522,3,6,1
ASV7523,3,6,1
ASV7525,3,6,1
ASV7528,3,6,1
ASV7529,3,6,1
ASV7535,3,6,1
ASV7539,3,6,1
ASV7540,3,6,1
ASV7541,3,6,1
ASV7542,3,6,1
ASV7547,3,6,1
ASV7551,3,6,1
ASV7553,3,6,1
ASV7557,3,6,1
ASV7562,3,6,1
ASV7565,3,6,1
ASV7570,3,6,1
ASV7576,3,6,1
ASV7580,3,6,1
ASV7585,3,6,1
ASV7586,3,6,1
ASV7592,3,6,1
ASV7596,3,6,1
ASV7597,3,6,1
ASV7599,3,6,1
ASV7600,3,6,1
ASV7603,3,6,1
ASV7616,3,6,1
ASV7623,3,6,1
ASV7627,3,6,1
ASV7628,3,6,1
ASV7630,3,6,1
ASV7631,3,6,1
ASV7635,3,6,1
ASV7636,3,6,1
ASV7637,3,6,1
ASV7638,3,6,1
ASV7644,3,6,1
ASV7656,3,6,1
ASV7658,3,6,1
ASV7660,3,6,1
ASV7661,3,6,1
ASV7664,3,6,1
ASV7666,3,6,1
ASV7667,3,6,1
ASV7673,3,6,1
ASV7674,3,6,1
ASV7676,3,6,1
ASV7677,3,6,1
ASV7678,3,6,1
ASV7680,3,6,1
ASV7684,3,6,1
ASV7685,3,6,1
ASV7690,3,6,1
ASV7691,3,6,1
ASV7694,3,6,1
ASV7696,3,6,1
ASV7697,3,6,1
ASV7707,3,6,1
ASV7708,3,6,1
ASV7709,3,6,1
ASV7711,3,6,1
ASV7715,3,6,1
ASV7720,3,6,1
ASV7722,3,6,1
ASV7725,3,6,1
ASV7730,3,6,1
ASV7741,3,6,1
ASV7745,3,6,1
ASV7746,3,6,1
ASV7751,3,6,1
ASV7753,3,6,1
ASV7754,3,6,1
ASV7755,3,6,1
ASV7757,3,6,1
ASV7759,3,6,1
ASV7766,3,6,1
ASV7768,3,6,1
ASV7769,3,6,1
ASV7777,3,6,1
ASV7789,3,6,1
ASV7798,3,6,1
ASV7805,3,6,1
ASV7806,3,6,1
ASV7809,3,6,1
ASV7810,3,6,1
ASV7812,3,6,1
ASV7816,3,6,1
ASV7818,3,6,1
ASV7819,3,6,1
ASV7822,3,6,1
ASV7825,3,6,1
ASV7826,3,6,1
ASV7827,3,6,1
ASV7830,3,6,1
ASV7832,3,6,1
ASV7841,3,6,1
ASV7842,3,6,1
ASV7851,3,6,1
ASV7852,3,6,1
ASV7854,3,6,1
ASV7855,3,6,1
ASV7856,3,6,1
ASV7858,3,6,1
ASV7860,3,6,1
ASV7861,3,6,1
ASV7865,3,6,1
ASV7866,3,6,1
ASV7867,3,6,1
ASV7869,3,6,1
ASV7871,3,6,1
ASV7872,3,6,1
ASV7873,3,6,1
ASV7878,3,6,1
ASV7882,3,6,1
ASV7889,3,6,1
ASV7890,3,6,1
ASV7892,3,6,1
ASV7895,3,6,1
ASV7901,3,6,1
ASV7903,3,6,1
ASV7905,3,6,1
ASV7906,3,6,1
ASV7910,3,6,1
ASV7911,3,6,1
ASV7913,3,6,1
ASV7915,3,6,1
ASV7916,3,6,1
ASV7917,3,6,1
ASV7921,3,6,1
ASV7924,3,6,1
ASV7926,3,6,1
ASV7929,3,6,1
ASV7930,3,6,1
ASV7931,3,6,1
ASV7932,3,6,1
ASV7933,3,6,1
ASV7935,3,6,1
ASV7937,3,6,1
ASV7939,3,6,1
ASV7943,3,6,1
ASV7951,3,6,1
ASV7952,3,6,1
ASV7956,3,6,1
ASV7958,3,6,1
ASV7959,3,6,1
ASV7962,3,6,1
ASV7967,3,6,1
ASV7969,3,6,1
ASV7972,3,6,1
ASV7973,3,6,1
ASV7974,3,6,1
ASV7988,3,6,1
ASV7994,3,6,1
ASV7995,3,6,1
ASV8001,3,6,1
ASV8002,3,6,1
ASV8004,3,6,1
ASV8007,3,6,1
ASV8008,3,6,1
ASV8011,3,6,1
ASV8013,3,6,1
ASV8015,3,6,1
ASV8017,3,6,1
ASV8022,3,6,1
ASV8026,3,6,1
ASV8028,3,6,1
ASV8030,3,6,1
ASV8033,3,6,1
ASV8035,3,6,1
ASV8041,3,6,1
ASV8043,3,6,1
ASV8045,3,6,1
ASV8049,3,6,1
ASV8050,3,6,1
ASV8051,3,6,1
ASV8057,3,6,1
ASV8064,3,6,1
ASV8066,3,6,1
ASV8069,3,6,1
ASV8070,3,6,1
ASV8071,3,6,1
ASV8076,3,6,1
ASV8077,3,6,1
ASV8078,3,6,1
ASV8080,3,6,1
ASV8082,3,6,1
ASV8084,3,6,1
ASV8090,3,6,1
ASV8091,3,6,1
ASV8092,3,6,1
ASV8093,3,6,1
ASV8099,3,6,1
ASV8110,3,6,1
ASV8111,3,6,1
ASV8113,3,6,1
ASV8115,3,6,1
ASV8117,3,6,1
ASV8118,3,6,1
ASV8120,3,6,1
ASV8121,3,6,1
ASV8125,3,6,1
ASV8126,3,6,1
ASV8127,3,6,1
ASV8128,3,6,1
ASV8129,3,6,1
ASV8134,3,6,1
ASV8136,3,6,1
ASV8140,3,6,1
ASV8141,3,6,1
ASV8155,3,6,1
ASV8158,3,6,1
ASV8163,3,6,1
ASV8165,3,6,1
ASV8169,3,6,1
ASV8170,3,6,1
ASV8175,3,6,1
ASV8182,3,6,1
ASV8183,3,6,1
ASV8185,3,6,1
ASV8186,3,6,1
ASV8189,3,6,1
ASV8193,3,6,1
ASV8194,3,6,1
ASV8195,3,6,1
ASV8198,3,6,1
ASV8199,3,6,1
ASV8201,3,6,1
ASV8205,3,6,1
ASV8216,3,6,1
ASV8217,3,6,1
ASV8218,3,6,1
ASV8219,3,6,1
ASV8220,3,6,1
ASV8222,3,6,1
ASV8228,3,6,1
ASV8231,3,6,1
ASV8236,3,6,1
ASV8242,3,6,1
ASV8243,3,6,1
ASV8245,3,6,1
ASV8246,3,6,1
ASV8250,3,6,1
ASV8251,3,6,1
ASV8252,3,6,1
ASV8254,3,6,1
ASV8257,3,6,1
ASV8260,3,6,1
ASV8261,3,6,1
ASV8263,3,6,1
ASV8270,3,6,1
ASV8274,3,6,1
ASV8275,3,6,1
ASV8279,3,6,1
ASV8285,3,6,1
ASV8301,3,6,1
ASV8304,3,6,1
ASV8306,3,6,1
ASV8307,3,6,1
ASV8309,3,6,1
ASV8313,3,6,1
ASV8318,3,6,1
ASV8320,3,6,1
ASV8324,3,6,1
ASV8325,3,6,1
ASV8328,3,6,1
ASV8331,3,6,1
ASV8332,3,6,1
ASV8339,3,6,1
ASV8347,3,6,1
ASV8349,3,6,1
ASV8350,3,6,1
ASV8352,3,6,1
ASV8354,3,6,1
ASV8357,3,6,1
ASV8376,3,6,1
ASV8381,3,6,1
ASV8382,3,6,1
ASV8386,3,6,1
ASV8388,3,6,1
ASV8390,3,6,1
ASV8391,3,6,1
ASV8392,3,6,1
ASV8394,3,6,1
ASV8400,3,6,1
ASV8401,3,6,1
ASV8403,3,6,1
ASV8406,3,6,1
ASV8408,3,6,1
ASV8409,3,6,1
ASV8411,3,6,1
ASV8413,3,6,1
ASV8414,3,6,1
ASV8416,3,6,1
ASV8422,3,6,1
ASV8427,3,6,1
ASV8434,3,6,1
ASV8438,3,6,1
ASV8445,3,6,1
ASV8451,3,6,13
ASV8452,3,6,1
ASV8453,3,6,1
ASV8458,3,6,1
ASV8459,3,6,1
ASV8460,3,6,1
ASV8467,3,6,1
ASV8468,3,6,1
ASV8475,3,6,1
ASV8488,3,6,1
ASV8489,3,6,1
ASV8494,3,6,1
ASV8495,3,6,1
ASV8498,3,6,1
ASV8500,3,6,1
ASV8503,3,6,1
ASV8513,3,6,1
ASV8515,3,6,1
ASV8516,3,6,1
ASV8520,3,6,1
ASV8521,3,6,1
ASV8523,3,6,1
ASV8525,3,6,1
ASV8530,3,6,1
ASV8533,3,6,1
ASV8542,3,6,1
ASV8547,3,6,1
ASV8548,3,6,1
ASV8549,3,6,1
ASV8552,3,6,1
ASV8560,3,6,1
ASV8563,3,6,1
ASV8564,3,6,13
ASV8577,3,6,1
ASV8578,3,6,1
ASV8580,3,6,1
ASV8581,3,6,1
ASV8583,3,6,1
ASV8585,3,6,1
ASV8586,3,6,1
ASV8587,3,6,1
ASV8588,3,6,1
ASV8589,3,6,1
ASV8591,3,6,1
ASV8594,3,6,1
ASV8596,3,6,1
ASV8599,3,6,1
ASV8601,3,6,1
ASV8602,3,6,1
ASV8603,3,6,1
ASV8605,3,6,1
ASV8611,3,6,1
ASV8618,3,6,1
ASV8625,3,6,1
ASV8626,3,6,1
ASV8629,3,6,1
ASV8632,3,6,1
ASV8633,3,6,1
ASV8634,3,6,1
ASV8637,3,6,1
ASV8640,3,6,1
ASV8641,3,6,1
ASV8649,3,6,1
ASV8652,3,6,1
ASV8661,3,6,1
ASV8669,3,6,1
ASV8679,3,6,1
ASV8692,3,6,1
ASV8694,3,6,1
ASV8701,3,6,1
ASV8706,3,6,1
ASV8707,3,6,1
ASV8715,3,6,1
ASV8716,3,6,1
ASV8722,3,6,1
ASV8723,3,6,1
ASV8724,3,6,1
ASV8725,3,6,1
ASV8730,3,6,1
ASV8739,3,6,1
ASV8742,3,6,1
ASV8744,3,6,1
ASV8749,3,6,1
ASV8753,3,6,1
ASV8766,3,6,1
ASV8770,3,6,1
ASV8773,3,6,1
ASV8774,3,6,1
ASV8779,3,6,1
ASV8780,3,6,1
ASV8782,3,6,1
ASV8787,3,6,1
ASV8788,3,6,1
ASV8789,3,6,1
ASV8795,3,6,1
ASV8800,3,6,1
ASV8802,3,6,1
ASV8818,3,6,1
ASV8822,3,6,1
ASV8823,3,6,1
ASV8838,3,6,1
ASV8855,3,6,1
ASV8856,3,6,1
ASV8858,3,6,1
ASV8864,3,6,1
ASV8865,3,6,1
ASV8871,3,6,1
ASV8876,3,6,1
ASV8888,3,6,1
ASV8889,3,6,1
ASV8898,3,6,1
ASV8902,3,6,1
ASV8905,3,6,1
ASV8907,3,6,1
ASV8911,3,6,1
ASV8912,3,6,1
ASV8918,3,6,1
ASV8919,3,6,1
ASV8920,3,6,1
ASV8922,3,6,1
ASV8923,3,6,1
ASV8930,3,6,1
ASV8938,3,6,1
ASV8941,3,6,1
ASV8943,3,6,1
ASV8944,3,6,1
ASV8946,3,6,1
ASV8949,3,6,1
ASV8957,3,6,1
ASV8959,3,6,1
ASV8960,3,6,1
ASV8963,3,6,1
ASV8966,3,6,1
ASV8973,3,6,1
ASV8974,3,6,1
ASV8977,3,6,1
ASV8980,3,6,1
ASV8981,3,6,1
ASV8983,3,6,1
ASV8984,3,6,1
ASV8988,3,6,1
ASV8994,3,6,1
ASV9001,3,6,1
ASV9002,3,6,1
ASV9007,3,6,1
ASV9010,3,6,1
ASV9015,3,6,1
ASV9024,3,6,1
ASV9028,3,6,1
ASV9031,3,6,1
ASV9033,3,6,1
ASV9034,3,6,1
ASV9037,3,6,1
ASV9038,3,6,1
ASV9039,3,6,1
ASV9044,3,6,1
ASV9046,3,6,1
ASV9052,3,6,1
ASV9054,3,6,1
ASV9055,3,6,1
ASV9058,3,6,1
ASV9060,3,6,1
ASV9062,3,6,1
ASV9069,3,6,1
ASV9072,3,6,1
ASV9076,3,6,1
ASV9078,3,6,1
ASV9089,3,6,1
ASV9090,3,6,1
ASV9094,3,6,1
ASV9095,3,6,1
ASV9104,3,6,1
ASV9106,3,6,1
ASV9108,3,6,1
ASV9114,3,6,1
ASV9116,3,6,1
ASV9117,3,6,1
ASV9118,3,6,1
ASV9123,3,6,1
ASV9127,3,6,1
ASV9129,3,6,1
ASV9131,3,6,1
ASV9132,3,6,1
ASV9133,3,6,1
ASV9135,3,6,1
ASV9146,3,6,1
ASV9147,3,6,1
ASV9148,3,6,1
ASV9152,3,6,1
ASV9154,3,6,1
ASV9155,3,6,1
ASV9157,3,6,1
ASV9159,3,6,1
ASV9161,3,6,1
ASV9163,3,6,1
ASV9172,3,6,1
ASV9175,3,6,1
ASV9176,3,6,1
ASV9188,3,6,1
ASV9192,3,6,1
ASV9193,3,6,1
ASV9195,3,6,1
ASV9196,3,6,1
ASV9197,3,6,1
ASV9201,3,6,1
ASV9204,3,6,1
ASV9208,3,6,1
ASV9213,3,6,1
ASV9217,3,6,1
ASV9218,3,6,1
ASV9221,3,6,1
ASV9226,3,6,1
ASV9229,3,6,1
ASV9243,3,6,1
ASV9253,3,6,1
ASV9260,3,6,1
ASV9261,3,6,1
ASV9267,3,6,1
ASV9270,3,6,1
ASV9271,3,6,1
ASV9280,3,6,1
ASV9293,3,6,1
ASV9297,3,6,1
ASV9304,3,6,1
ASV9305,3,6,1
ASV9311,3,6,1
ASV9312,3,6,1
ASV9318,3,6,1
ASV9319,3,6,1
ASV9327,3,6,1
ASV9328,3,6,1
ASV9330,3,6,1
ASV9333,3,6,1
ASV9337,3,6,1
ASV9342,3,6,1
ASV9343,3,6,1
ASV9344,3,6,1
ASV9349,3,6,1
ASV9353,3,6,1
ASV9364,3,6,1
ASV9366,3,6,1
ASV9376,3,6,1
ASV9380,3,6,1
ASV9382,3,6,1
ASV9383,3,6,1
ASV9385,3,6,1
ASV9389,3,6,1
ASV9390,3,6,1
ASV9397,3,6,1
ASV9402,3,6,1
ASV9407,3,6,1
ASV9409,3,6,1
ASV9421,3,6,1
ASV9423,3,6,1
ASV9424,3,6,1
ASV9430,3,6,1
ASV9432,3,6,1
ASV9434,3,6,1
ASV9435,3,6,1
ASV9439,3,6,1
ASV9447,3,6,1
ASV9449,3,6,1
ASV9451,3,6,1
ASV9455,3,6,1
ASV9457,3,6,1
ASV9465,3,6,1
ASV9474,3,6,1
ASV9476,3,6,1
ASV9487,3,6,1
ASV9491,3,6,1
ASV9493,3,6,1
ASV9494,3,6,1
ASV9496,3,6,1
ASV9498,3,6,1
ASV9503,3,6,1
ASV9505,3,6,1
ASV9506,3,6,1
ASV9507,3,6,1
ASV9510,3,6,1
ASV9525,3,6,1
ASV9528,3,6,1
ASV9532,3,6,1
ASV9533,3,6,1
ASV9534,3,6,1
ASV9535,3,6,1
ASV9541,3,6,1
ASV9545,3,6,1
ASV9548,3,6,1
ASV9557,3,6,1
ASV9558,3,6,1
ASV9560,3,6,1
ASV9564,3,6,1
ASV9566,3,6,1
ASV9576,3,6,1
ASV9582,3,6,1
ASV9584,3,6,1
ASV9593,3,6,1
ASV9595,3,6,1
ASV9596,3,6,1
ASV9598,3,6,1
ASV9599,3,6,1
ASV9614,3,6,1
ASV9625,3,6,1
ASV9626,3,6,1
ASV9629,3,6,1
ASV9630,3,6,1
ASV9632,3,6,1
ASV9634,3,6,1
ASV9637,3,6,1
ASV9652,3,6,1
ASV9659,3,6,1
ASV9660,3,6,1
ASV9666,3,6,1
ASV9671,3,6,1
ASV9673,3,6,1
ASV9674,3,6,1
ASV9688,3,6,1
ASV9689,3,6,1
ASV9693,3,6,1
ASV9699,3,6,1
ASV9702,3,6,1
ASV9703,3,6,1
ASV9704,3,6,1
ASV9708,3,6,1
ASV9716,3,6,1
ASV9722,3,6,1
ASV9728,3,6,1
ASV9732,3,6,1
ASV9743,3,6,1
ASV9755,3,6,1
ASV9760,3,6,1
ASV9761,3,6,1
ASV9765,3,6,1
ASV9769,3,6,1
ASV9770,3,6,1
ASV9773,3,6,1
ASV9776,3,6,1
ASV9778,3,6,1
ASV9779,3,6,1
ASV9783,3,6,1
ASV9784,3,6,1
ASV9787,3,6,1
ASV9789,3,6,1
ASV9790,3,6,1
ASV9797,3,6,1
ASV9799,3,6,1
ASV9806,3,6,1
ASV9812,3,6,1
ASV9816,3,6,1
ASV9820,3,6,1
ASV9823,3,6,1
ASV9836,3,6,1
ASV9844,3,6,1
ASV9850,3,6,1
ASV9854,3,6,1
ASV9855,3,6,1
ASV9856,3,6,1
ASV9859,3,6,1
ASV9864,3,6,1
ASV9869,3,6,1
ASV9872,3,6,1
ASV9875,3,6,1
ASV9876,3,6,1
ASV9881,3,6,1
ASV9882,3,6,1
ASV9883,3,6,1
ASV9884,3,6,1
ASV9887,3,6,1
ASV9895,3,6,1
ASV9898,3,6,1
ASV9899,3,6,1
ASV9920,3,6,1
ASV9921,3,6,1
ASV9922,3,6,1
ASV9933,3,6,1
ASV9936,3,6,1
ASV9938,3,6,1
ASV9939,3,6,1
ASV9940,3,6,1
ASV9944,3,6,1
ASV9947,3,6,1
ASV9949,3,6,1
ASV9951,3,6,1
ASV9958,3,6,1
ASV9967,3,6,1
ASV9977,3,6,1
ASV9982,3,6,1
ASV9986,3,6,1
ASV9987,3,6,1
ASV9999,3,6,1
